id,kode_provinsi,nama_provinsi,kode_kabupaten_kota,nama_kabupaten_kota,kategori_usaha,jumlah_umkm,satuan,tahun
1,32,JAWA BARAT,3201,KABUPATEN BOGOR,AKSESORIS,927,UNIT,2017
2,32,JAWA BARAT,3201,KABUPATEN BOGOR,BATIK,927,UNIT,2017
3,32,JAWA BARAT,3201,KABUPATEN BOGOR,BORDIR,132,UNIT,2017
4,32,JAWA BARAT,3201,KABUPATEN BOGOR,CRAFT,33111,UNIT,2017
5,32,JAWA BARAT,3201,KABUPATEN BOGOR,FASHION,32316,UNIT,2017
6,32,JAWA BARAT,3201,KABUPATEN BOGOR,KONVEKSI,19734,UNIT,2017
7,32,JAWA BARAT,3201,KABUPATEN BOGOR,KULINER,142508,UNIT,2017
8,32,JAWA BARAT,3201,KABUPATEN BOGOR,MAKANAN,104232,UNIT,2017
9,32,JAWA BARAT,3201,KABUPATEN BOGOR,MINUMAN,19337,UNIT,2017
10,32,JAWA BARAT,3201,KABUPATEN BOGOR,JASA/LAINNYA,45030,UNIT,2017
11,32,JAWA BARAT,3202,KABUPATEN SUKABUMI,AKSESORIS,665,UNIT,2017
12,32,JAWA BARAT,3202,KABUPATEN SUKABUMI,BATIK,665,UNIT,2017
13,32,JAWA BARAT,3202,KABUPATEN SUKABUMI,BORDIR,95,UNIT,2017
14,32,JAWA BARAT,3202,KABUPATEN SUKABUMI,CRAFT,23748,UNIT,2017
15,32,JAWA BARAT,3202,KABUPATEN SUKABUMI,FASHION,23178,UNIT,2017
16,32,JAWA BARAT,3202,KABUPATEN SUKABUMI,KONVEKSI,14154,UNIT,2017
17,32,JAWA BARAT,3202,KABUPATEN SUKABUMI,KULINER,102213,UNIT,2017
18,32,JAWA BARAT,3202,KABUPATEN SUKABUMI,MAKANAN,74760,UNIT,2017
19,32,JAWA BARAT,3202,KABUPATEN SUKABUMI,MINUMAN,13869,UNIT,2017
20,32,JAWA BARAT,3202,KABUPATEN SUKABUMI,JASA/LAINNYA,32298,UNIT,2017
21,32,JAWA BARAT,3203,KABUPATEN CIANJUR,AKSESORIS,620,UNIT,2017
22,32,JAWA BARAT,3203,KABUPATEN CIANJUR,BATIK,620,UNIT,2017
23,32,JAWA BARAT,3203,KABUPATEN CIANJUR,BORDIR,89,UNIT,2017
24,32,JAWA BARAT,3203,KABUPATEN CIANJUR,CRAFT,22142,UNIT,2017
25,32,JAWA BARAT,3203,KABUPATEN CIANJUR,FASHION,21611,UNIT,2017
26,32,JAWA BARAT,3203,KABUPATEN CIANJUR,KONVEKSI,13197,UNIT,2017
27,32,JAWA BARAT,3203,KABUPATEN CIANJUR,KULINER,95300,UNIT,2017
28,32,JAWA BARAT,3203,KABUPATEN CIANJUR,MAKANAN,69704,UNIT,2017
29,32,JAWA BARAT,3203,KABUPATEN CIANJUR,MINUMAN,12931,UNIT,2017
30,32,JAWA BARAT,3203,KABUPATEN CIANJUR,JASA/LAINNYA,30113,UNIT,2017
31,32,JAWA BARAT,3204,KABUPATEN BANDUNG,AKSESORIS,873,UNIT,2017
32,32,JAWA BARAT,3204,KABUPATEN BANDUNG,BATIK,873,UNIT,2017
33,32,JAWA BARAT,3204,KABUPATEN BANDUNG,BORDIR,125,UNIT,2017
34,32,JAWA BARAT,3204,KABUPATEN BANDUNG,CRAFT,31188,UNIT,2017
35,32,JAWA BARAT,3204,KABUPATEN BANDUNG,FASHION,30440,UNIT,2017
36,32,JAWA BARAT,3204,KABUPATEN BANDUNG,KONVEKSI,18588,UNIT,2017
37,32,JAWA BARAT,3204,KABUPATEN BANDUNG,KULINER,134235,UNIT,2017
38,32,JAWA BARAT,3204,KABUPATEN BANDUNG,MAKANAN,98181,UNIT,2017
39,32,JAWA BARAT,3204,KABUPATEN BANDUNG,MINUMAN,18214,UNIT,2017
40,32,JAWA BARAT,3204,KABUPATEN BANDUNG,JASA/LAINNYA,42416,UNIT,2017
41,32,JAWA BARAT,3205,KABUPATEN GARUT,AKSESORIS,641,UNIT,2017
42,32,JAWA BARAT,3205,KABUPATEN GARUT,BATIK,641,UNIT,2017
43,32,JAWA BARAT,3205,KABUPATEN GARUT,BORDIR,92,UNIT,2017
44,32,JAWA BARAT,3205,KABUPATEN GARUT,CRAFT,22878,UNIT,2017
45,32,JAWA BARAT,3205,KABUPATEN GARUT,FASHION,22329,UNIT,2017
46,32,JAWA BARAT,3205,KABUPATEN GARUT,KONVEKSI,13635,UNIT,2017
47,32,JAWA BARAT,3205,KABUPATEN GARUT,KULINER,98466,UNIT,2017
48,32,JAWA BARAT,3205,KABUPATEN GARUT,MAKANAN,72019,UNIT,2017
49,32,JAWA BARAT,3205,KABUPATEN GARUT,MINUMAN,13361,UNIT,2017
50,32,JAWA BARAT,3205,KABUPATEN GARUT,JASA/LAINNYA,31114,UNIT,2017
51,32,JAWA BARAT,3206,KABUPATEN TASIKMALAYA,AKSESORIS,465,UNIT,2017
52,32,JAWA BARAT,3206,KABUPATEN TASIKMALAYA,BATIK,465,UNIT,2017
53,32,JAWA BARAT,3206,KABUPATEN TASIKMALAYA,BORDIR,66,UNIT,2017
54,32,JAWA BARAT,3206,KABUPATEN TASIKMALAYA,CRAFT,16603,UNIT,2017
55,32,JAWA BARAT,3206,KABUPATEN TASIKMALAYA,FASHION,16205,UNIT,2017
56,32,JAWA BARAT,3206,KABUPATEN TASIKMALAYA,KONVEKSI,9896,UNIT,2017
57,32,JAWA BARAT,3206,KABUPATEN TASIKMALAYA,KULINER,71461,UNIT,2017
58,32,JAWA BARAT,3206,KABUPATEN TASIKMALAYA,MAKANAN,52267,UNIT,2017
59,32,JAWA BARAT,3206,KABUPATEN TASIKMALAYA,MINUMAN,9696,UNIT,2017
60,32,JAWA BARAT,3206,KABUPATEN TASIKMALAYA,JASA/LAINNYA,22580,UNIT,2017
61,32,JAWA BARAT,3207,KABUPATEN CIAMIS,AKSESORIS,345,UNIT,2017
62,32,JAWA BARAT,3207,KABUPATEN CIAMIS,BATIK,345,UNIT,2017
63,32,JAWA BARAT,3207,KABUPATEN CIAMIS,BORDIR,49,UNIT,2017
64,32,JAWA BARAT,3207,KABUPATEN CIAMIS,CRAFT,12335,UNIT,2017
65,32,JAWA BARAT,3207,KABUPATEN CIAMIS,FASHION,12039,UNIT,2017
66,32,JAWA BARAT,3207,KABUPATEN CIAMIS,KONVEKSI,7352,UNIT,2017
67,32,JAWA BARAT,3207,KABUPATEN CIAMIS,KULINER,53089,UNIT,2017
68,32,JAWA BARAT,3207,KABUPATEN CIAMIS,MAKANAN,38830,UNIT,2017
69,32,JAWA BARAT,3207,KABUPATEN CIAMIS,MINUMAN,7204,UNIT,2017
70,32,JAWA BARAT,3207,KABUPATEN CIAMIS,JASA/LAINNYA,16775,UNIT,2017
71,32,JAWA BARAT,3208,KABUPATEN KUNINGAN,AKSESORIS,235,UNIT,2017
72,32,JAWA BARAT,3208,KABUPATEN KUNINGAN,BATIK,235,UNIT,2017
73,32,JAWA BARAT,3208,KABUPATEN KUNINGAN,BORDIR,34,UNIT,2017
74,32,JAWA BARAT,3208,KABUPATEN KUNINGAN,CRAFT,8377,UNIT,2017
75,32,JAWA BARAT,3208,KABUPATEN KUNINGAN,FASHION,8176,UNIT,2017
76,32,JAWA BARAT,3208,KABUPATEN KUNINGAN,KONVEKSI,4993,UNIT,2017
77,32,JAWA BARAT,3208,KABUPATEN KUNINGAN,KULINER,36054,UNIT,2017
78,32,JAWA BARAT,3208,KABUPATEN KUNINGAN,MAKANAN,26370,UNIT,2017
79,32,JAWA BARAT,3208,KABUPATEN KUNINGAN,MINUMAN,4892,UNIT,2017
80,32,JAWA BARAT,3208,KABUPATEN KUNINGAN,JASA/LAINNYA,11392,UNIT,2017
81,32,JAWA BARAT,3209,KABUPATEN CIREBON,AKSESORIS,624,UNIT,2017
82,32,JAWA BARAT,3209,KABUPATEN CIREBON,BATIK,624,UNIT,2017
83,32,JAWA BARAT,3209,KABUPATEN CIREBON,BORDIR,89,UNIT,2017
84,32,JAWA BARAT,3209,KABUPATEN CIREBON,CRAFT,22301,UNIT,2017
85,32,JAWA BARAT,3209,KABUPATEN CIREBON,FASHION,21766,UNIT,2017
86,32,JAWA BARAT,3209,KABUPATEN CIREBON,KONVEKSI,13291,UNIT,2017
87,32,JAWA BARAT,3209,KABUPATEN CIREBON,KULINER,95982,UNIT,2017
88,32,JAWA BARAT,3209,KABUPATEN CIREBON,MAKANAN,70203,UNIT,2017
89,32,JAWA BARAT,3209,KABUPATEN CIREBON,MINUMAN,13024,UNIT,2017
90,32,JAWA BARAT,3209,KABUPATEN CIREBON,JASA/LAINNYA,30329,UNIT,2017
91,32,JAWA BARAT,3210,KABUPATEN MAJALENGKA,AKSESORIS,388,UNIT,2017
92,32,JAWA BARAT,3210,KABUPATEN MAJALENGKA,BATIK,388,UNIT,2017
93,32,JAWA BARAT,3210,KABUPATEN MAJALENGKA,BORDIR,55,UNIT,2017
94,32,JAWA BARAT,3210,KABUPATEN MAJALENGKA,CRAFT,13846,UNIT,2017
95,32,JAWA BARAT,3210,KABUPATEN MAJALENGKA,FASHION,13514,UNIT,2017
96,32,JAWA BARAT,3210,KABUPATEN MAJALENGKA,KONVEKSI,8252,UNIT,2017
97,32,JAWA BARAT,3210,KABUPATEN MAJALENGKA,KULINER,59595,UNIT,2017
98,32,JAWA BARAT,3210,KABUPATEN MAJALENGKA,MAKANAN,43589,UNIT,2017
99,32,JAWA BARAT,3210,KABUPATEN MAJALENGKA,MINUMAN,8086,UNIT,2017
100,32,JAWA BARAT,3210,KABUPATEN MAJALENGKA,JASA/LAINNYA,18831,UNIT,2017
101,32,JAWA BARAT,3211,KABUPATEN SUMEDANG,AKSESORIS,287,UNIT,2017
102,32,JAWA BARAT,3211,KABUPATEN SUMEDANG,BATIK,287,UNIT,2017
103,32,JAWA BARAT,3211,KABUPATEN SUMEDANG,BORDIR,41,UNIT,2017
104,32,JAWA BARAT,3211,KABUPATEN SUMEDANG,CRAFT,10259,UNIT,2017
105,32,JAWA BARAT,3211,KABUPATEN SUMEDANG,FASHION,10013,UNIT,2017
106,32,JAWA BARAT,3211,KABUPATEN SUMEDANG,KONVEKSI,6114,UNIT,2017
107,32,JAWA BARAT,3211,KABUPATEN SUMEDANG,KULINER,44154,UNIT,2017
108,32,JAWA BARAT,3211,KABUPATEN SUMEDANG,MAKANAN,32295,UNIT,2017
109,32,JAWA BARAT,3211,KABUPATEN SUMEDANG,MINUMAN,5991,UNIT,2017
110,32,JAWA BARAT,3211,KABUPATEN SUMEDANG,JASA/LAINNYA,13952,UNIT,2017
111,32,JAWA BARAT,3212,KABUPATEN INDRAMAYU,AKSESORIS,472,UNIT,2017
112,32,JAWA BARAT,3212,KABUPATEN INDRAMAYU,BATIK,472,UNIT,2017
113,32,JAWA BARAT,3212,KABUPATEN INDRAMAYU,BORDIR,67,UNIT,2017
114,32,JAWA BARAT,3212,KABUPATEN INDRAMAYU,CRAFT,16866,UNIT,2017
115,32,JAWA BARAT,3212,KABUPATEN INDRAMAYU,FASHION,16461,UNIT,2017
116,32,JAWA BARAT,3212,KABUPATEN INDRAMAYU,KONVEKSI,10052,UNIT,2017
117,32,JAWA BARAT,3212,KABUPATEN INDRAMAYU,KULINER,72592,UNIT,2017
118,32,JAWA BARAT,3212,KABUPATEN INDRAMAYU,MAKANAN,53095,UNIT,2017
119,32,JAWA BARAT,3212,KABUPATEN INDRAMAYU,MINUMAN,9850,UNIT,2017
120,32,JAWA BARAT,3212,KABUPATEN INDRAMAYU,JASA/LAINNYA,22938,UNIT,2017
121,32,JAWA BARAT,3213,KABUPATEN SUBANG,AKSESORIS,420,UNIT,2017
122,32,JAWA BARAT,3213,KABUPATEN SUBANG,BATIK,420,UNIT,2017
123,32,JAWA BARAT,3213,KABUPATEN SUBANG,BORDIR,60,UNIT,2017
124,32,JAWA BARAT,3213,KABUPATEN SUBANG,CRAFT,14989,UNIT,2017
125,32,JAWA BARAT,3213,KABUPATEN SUBANG,FASHION,14629,UNIT,2017
126,32,JAWA BARAT,3213,KABUPATEN SUBANG,KONVEKSI,8933,UNIT,2017
127,32,JAWA BARAT,3213,KABUPATEN SUBANG,KULINER,64511,UNIT,2017
128,32,JAWA BARAT,3213,KABUPATEN SUBANG,MAKANAN,47184,UNIT,2017
129,32,JAWA BARAT,3213,KABUPATEN SUBANG,MINUMAN,8753,UNIT,2017
130,32,JAWA BARAT,3213,KABUPATEN SUBANG,JASA/LAINNYA,20384,UNIT,2017
131,32,JAWA BARAT,3214,KABUPATEN PURWAKARTA,AKSESORIS,216,UNIT,2017
132,32,JAWA BARAT,3214,KABUPATEN PURWAKARTA,BATIK,216,UNIT,2017
133,32,JAWA BARAT,3214,KABUPATEN PURWAKARTA,BORDIR,31,UNIT,2017
134,32,JAWA BARAT,3214,KABUPATEN PURWAKARTA,CRAFT,7702,UNIT,2017
135,32,JAWA BARAT,3214,KABUPATEN PURWAKARTA,FASHION,7518,UNIT,2017
136,32,JAWA BARAT,3214,KABUPATEN PURWAKARTA,KONVEKSI,4591,UNIT,2017
137,32,JAWA BARAT,3214,KABUPATEN PURWAKARTA,KULINER,33151,UNIT,2017
138,32,JAWA BARAT,3214,KABUPATEN PURWAKARTA,MAKANAN,24247,UNIT,2017
139,32,JAWA BARAT,3214,KABUPATEN PURWAKARTA,MINUMAN,4498,UNIT,2017
140,32,JAWA BARAT,3214,KABUPATEN PURWAKARTA,JASA/LAINNYA,10475,UNIT,2017
141,32,JAWA BARAT,3215,KABUPATEN KARAWANG,AKSESORIS,577,UNIT,2017
142,32,JAWA BARAT,3215,KABUPATEN KARAWANG,BATIK,577,UNIT,2017
143,32,JAWA BARAT,3215,KABUPATEN KARAWANG,BORDIR,82,UNIT,2017
144,32,JAWA BARAT,3215,KABUPATEN KARAWANG,CRAFT,20624,UNIT,2017
145,32,JAWA BARAT,3215,KABUPATEN KARAWANG,FASHION,20129,UNIT,2017
146,32,JAWA BARAT,3215,KABUPATEN KARAWANG,KONVEKSI,12292,UNIT,2017
147,32,JAWA BARAT,3215,KABUPATEN KARAWANG,KULINER,88764,UNIT,2017
148,32,JAWA BARAT,3215,KABUPATEN KARAWANG,MAKANAN,64923,UNIT,2017
149,32,JAWA BARAT,3215,KABUPATEN KARAWANG,MINUMAN,12044,UNIT,2017
150,32,JAWA BARAT,3215,KABUPATEN KARAWANG,JASA/LAINNYA,28048,UNIT,2017
151,32,JAWA BARAT,3216,KABUPATEN BEKASI,AKSESORIS,571,UNIT,2017
152,32,JAWA BARAT,3216,KABUPATEN BEKASI,BATIK,571,UNIT,2017
153,32,JAWA BARAT,3216,KABUPATEN BEKASI,BORDIR,82,UNIT,2017
154,32,JAWA BARAT,3216,KABUPATEN BEKASI,CRAFT,20397,UNIT,2017
155,32,JAWA BARAT,3216,KABUPATEN BEKASI,FASHION,19908,UNIT,2017
156,32,JAWA BARAT,3216,KABUPATEN BEKASI,KONVEKSI,12157,UNIT,2017
157,32,JAWA BARAT,3216,KABUPATEN BEKASI,KULINER,87789,UNIT,2017
158,32,JAWA BARAT,3216,KABUPATEN BEKASI,MAKANAN,64210,UNIT,2017
159,32,JAWA BARAT,3216,KABUPATEN BEKASI,MINUMAN,11912,UNIT,2017
160,32,JAWA BARAT,3216,KABUPATEN BEKASI,JASA/LAINNYA,27740,UNIT,2017
161,32,JAWA BARAT,3217,KABUPATEN BANDUNG BARAT,AKSESORIS,386,UNIT,2017
162,32,JAWA BARAT,3217,KABUPATEN BANDUNG BARAT,BATIK,386,UNIT,2017
163,32,JAWA BARAT,3217,KABUPATEN BANDUNG BARAT,BORDIR,55,UNIT,2017
164,32,JAWA BARAT,3217,KABUPATEN BANDUNG BARAT,CRAFT,13798,UNIT,2017
165,32,JAWA BARAT,3217,KABUPATEN BANDUNG BARAT,FASHION,13466,UNIT,2017
166,32,JAWA BARAT,3217,KABUPATEN BANDUNG BARAT,KONVEKSI,8223,UNIT,2017
167,32,JAWA BARAT,3217,KABUPATEN BANDUNG BARAT,KULINER,59385,UNIT,2017
168,32,JAWA BARAT,3217,KABUPATEN BANDUNG BARAT,MAKANAN,43435,UNIT,2017
169,32,JAWA BARAT,3217,KABUPATEN BANDUNG BARAT,MINUMAN,8058,UNIT,2017
170,32,JAWA BARAT,3217,KABUPATEN BANDUNG BARAT,JASA/LAINNYA,18765,UNIT,2017
171,32,JAWA BARAT,3218,KABUPATEN PANGANDARAN,AKSESORIS,149,UNIT,2017
172,32,JAWA BARAT,3218,KABUPATEN PANGANDARAN,BATIK,149,UNIT,2017
173,32,JAWA BARAT,3218,KABUPATEN PANGANDARAN,BORDIR,21,UNIT,2017
174,32,JAWA BARAT,3218,KABUPATEN PANGANDARAN,CRAFT,5323,UNIT,2017
175,32,JAWA BARAT,3218,KABUPATEN PANGANDARAN,FASHION,5195,UNIT,2017
176,32,JAWA BARAT,3218,KABUPATEN PANGANDARAN,KONVEKSI,3172,UNIT,2017
177,32,JAWA BARAT,3218,KABUPATEN PANGANDARAN,KULINER,22910,UNIT,2017
178,32,JAWA BARAT,3218,KABUPATEN PANGANDARAN,MAKANAN,16756,UNIT,2017
179,32,JAWA BARAT,3218,KABUPATEN PANGANDARAN,MINUMAN,3109,UNIT,2017
180,32,JAWA BARAT,3218,KABUPATEN PANGANDARAN,JASA/LAINNYA,7239,UNIT,2017
181,32,JAWA BARAT,3271,KOTA BOGOR,AKSESORIS,214,UNIT,2017
182,32,JAWA BARAT,3271,KOTA BOGOR,BATIK,214,UNIT,2017
183,32,JAWA BARAT,3271,KOTA BOGOR,BORDIR,31,UNIT,2017
184,32,JAWA BARAT,3271,KOTA BOGOR,CRAFT,7628,UNIT,2017
185,32,JAWA BARAT,3271,KOTA BOGOR,FASHION,7445,UNIT,2017
186,32,JAWA BARAT,3271,KOTA BOGOR,KONVEKSI,4546,UNIT,2017
187,32,JAWA BARAT,3271,KOTA BOGOR,KULINER,32832,UNIT,2017
188,32,JAWA BARAT,3271,KOTA BOGOR,MAKANAN,24014,UNIT,2017
189,32,JAWA BARAT,3271,KOTA BOGOR,MINUMAN,4455,UNIT,2017
190,32,JAWA BARAT,3271,KOTA BOGOR,JASA/LAINNYA,10374,UNIT,2017
191,32,JAWA BARAT,3272,KOTA SUKABUMI,AKSESORIS,99,UNIT,2017
192,32,JAWA BARAT,3272,KOTA SUKABUMI,BATIK,99,UNIT,2017
193,32,JAWA BARAT,3272,KOTA SUKABUMI,BORDIR,14,UNIT,2017
194,32,JAWA BARAT,3272,KOTA SUKABUMI,CRAFT,3530,UNIT,2017
195,32,JAWA BARAT,3272,KOTA SUKABUMI,FASHION,3445,UNIT,2017
196,32,JAWA BARAT,3272,KOTA SUKABUMI,KONVEKSI,2104,UNIT,2017
197,32,JAWA BARAT,3272,KOTA SUKABUMI,KULINER,15192,UNIT,2017
198,32,JAWA BARAT,3272,KOTA SUKABUMI,MAKANAN,11112,UNIT,2017
199,32,JAWA BARAT,3272,KOTA SUKABUMI,MINUMAN,2061,UNIT,2017
200,32,JAWA BARAT,3272,KOTA SUKABUMI,JASA/LAINNYA,4800,UNIT,2017
201,32,JAWA BARAT,3273,KOTA BANDUNG,AKSESORIS,850,UNIT,2017
202,32,JAWA BARAT,3273,KOTA BANDUNG,BATIK,850,UNIT,2017
203,32,JAWA BARAT,3273,KOTA BANDUNG,BORDIR,121,UNIT,2017
204,32,JAWA BARAT,3273,KOTA BANDUNG,CRAFT,30364,UNIT,2017
205,32,JAWA BARAT,3273,KOTA BANDUNG,FASHION,29635,UNIT,2017
206,32,JAWA BARAT,3273,KOTA BANDUNG,KONVEKSI,18097,UNIT,2017
207,32,JAWA BARAT,3273,KOTA BANDUNG,KULINER,130687,UNIT,2017
208,32,JAWA BARAT,3273,KOTA BANDUNG,MAKANAN,95586,UNIT,2017
209,32,JAWA BARAT,3273,KOTA BANDUNG,MINUMAN,17733,UNIT,2017
210,32,JAWA BARAT,3273,KOTA BANDUNG,JASA/LAINNYA,41295,UNIT,2017
211,32,JAWA BARAT,3274,KOTA CIREBON,AKSESORIS,99,UNIT,2017
212,32,JAWA BARAT,3274,KOTA CIREBON,BATIK,99,UNIT,2017
213,32,JAWA BARAT,3274,KOTA CIREBON,BORDIR,14,UNIT,2017
214,32,JAWA BARAT,3274,KOTA CIREBON,CRAFT,3551,UNIT,2017
215,32,JAWA BARAT,3274,KOTA CIREBON,FASHION,3466,UNIT,2017
216,32,JAWA BARAT,3274,KOTA CIREBON,KONVEKSI,2116,UNIT,2017
217,32,JAWA BARAT,3274,KOTA CIREBON,KULINER,15284,UNIT,2017
218,32,JAWA BARAT,3274,KOTA CIREBON,MAKANAN,11179,UNIT,2017
219,32,JAWA BARAT,3274,KOTA CIREBON,MINUMAN,2074,UNIT,2017
220,32,JAWA BARAT,3274,KOTA CIREBON,JASA/LAINNYA,4830,UNIT,2017
221,32,JAWA BARAT,3275,KOTA BEKASI,AKSESORIS,502,UNIT,2017
222,32,JAWA BARAT,3275,KOTA BEKASI,BATIK,502,UNIT,2017
223,32,JAWA BARAT,3275,KOTA BEKASI,BORDIR,72,UNIT,2017
224,32,JAWA BARAT,3275,KOTA BEKASI,CRAFT,17926,UNIT,2017
225,32,JAWA BARAT,3275,KOTA BEKASI,FASHION,17496,UNIT,2017
226,32,JAWA BARAT,3275,KOTA BEKASI,KONVEKSI,10684,UNIT,2017
227,32,JAWA BARAT,3275,KOTA BEKASI,KULINER,77156,UNIT,2017
228,32,JAWA BARAT,3275,KOTA BEKASI,MAKANAN,56433,UNIT,2017
229,32,JAWA BARAT,3275,KOTA BEKASI,MINUMAN,10469,UNIT,2017
230,32,JAWA BARAT,3275,KOTA BEKASI,JASA/LAINNYA,24380,UNIT,2017
231,32,JAWA BARAT,3276,KOTA DEPOK,AKSESORIS,401,UNIT,2017
232,32,JAWA BARAT,3276,KOTA DEPOK,BATIK,401,UNIT,2017
233,32,JAWA BARAT,3276,KOTA DEPOK,BORDIR,57,UNIT,2017
234,32,JAWA BARAT,3276,KOTA DEPOK,CRAFT,14336,UNIT,2017
235,32,JAWA BARAT,3276,KOTA DEPOK,FASHION,13992,UNIT,2017
236,32,JAWA BARAT,3276,KOTA DEPOK,KONVEKSI,8544,UNIT,2017
237,32,JAWA BARAT,3276,KOTA DEPOK,KULINER,61703,UNIT,2017
238,32,JAWA BARAT,3276,KOTA DEPOK,MAKANAN,45130,UNIT,2017
239,32,JAWA BARAT,3276,KOTA DEPOK,MINUMAN,8372,UNIT,2017
240,32,JAWA BARAT,3276,KOTA DEPOK,JASA/LAINNYA,19497,UNIT,2017
241,32,JAWA BARAT,3277,KOTA CIMAHI,AKSESORIS,141,UNIT,2017
242,32,JAWA BARAT,3277,KOTA CIMAHI,BATIK,141,UNIT,2017
243,32,JAWA BARAT,3277,KOTA CIMAHI,BORDIR,20,UNIT,2017
244,32,JAWA BARAT,3277,KOTA CIMAHI,CRAFT,5024,UNIT,2017
245,32,JAWA BARAT,3277,KOTA CIMAHI,FASHION,4904,UNIT,2017
246,32,JAWA BARAT,3277,KOTA CIMAHI,KONVEKSI,2994,UNIT,2017
247,32,JAWA BARAT,3277,KOTA CIMAHI,KULINER,21624,UNIT,2017
248,32,JAWA BARAT,3277,KOTA CIMAHI,MAKANAN,15816,UNIT,2017
249,32,JAWA BARAT,3277,KOTA CIMAHI,MINUMAN,2934,UNIT,2017
250,32,JAWA BARAT,3277,KOTA CIMAHI,JASA/LAINNYA,6833,UNIT,2017
251,32,JAWA BARAT,3278,KOTA TASIKMALAYA,AKSESORIS,225,UNIT,2017
252,32,JAWA BARAT,3278,KOTA TASIKMALAYA,BATIK,225,UNIT,2017
253,32,JAWA BARAT,3278,KOTA TASIKMALAYA,BORDIR,32,UNIT,2017
254,32,JAWA BARAT,3278,KOTA TASIKMALAYA,CRAFT,8044,UNIT,2017
255,32,JAWA BARAT,3278,KOTA TASIKMALAYA,FASHION,7851,UNIT,2017
256,32,JAWA BARAT,3278,KOTA TASIKMALAYA,KONVEKSI,4794,UNIT,2017
257,32,JAWA BARAT,3278,KOTA TASIKMALAYA,KULINER,34620,UNIT,2017
258,32,JAWA BARAT,3278,KOTA TASIKMALAYA,MAKANAN,25322,UNIT,2017
259,32,JAWA BARAT,3278,KOTA TASIKMALAYA,MINUMAN,4698,UNIT,2017
260,32,JAWA BARAT,3278,KOTA TASIKMALAYA,JASA/LAINNYA,10940,UNIT,2017
261,32,JAWA BARAT,3279,KOTA BANJAR,AKSESORIS,64,UNIT,2017
262,32,JAWA BARAT,3279,KOTA BANJAR,BATIK,64,UNIT,2017
263,32,JAWA BARAT,3279,KOTA BANJAR,BORDIR,9,UNIT,2017
264,32,JAWA BARAT,3279,KOTA BANJAR,CRAFT,2286,UNIT,2017
265,32,JAWA BARAT,3279,KOTA BANJAR,FASHION,2231,UNIT,2017
266,32,JAWA BARAT,3279,KOTA BANJAR,KONVEKSI,1363,UNIT,2017
267,32,JAWA BARAT,3279,KOTA BANJAR,KULINER,9840,UNIT,2017
268,32,JAWA BARAT,3279,KOTA BANJAR,MAKANAN,7197,UNIT,2017
269,32,JAWA BARAT,3279,KOTA BANJAR,MINUMAN,1335,UNIT,2017
270,32,JAWA BARAT,3279,KOTA BANJAR,JASA/LAINNYA,3109,UNIT,2017
271,32,JAWA BARAT,3201,KABUPATEN BOGOR,AKSESORIS,984,UNIT,2018
272,32,JAWA BARAT,3201,KABUPATEN BOGOR,BATIK,984,UNIT,2018
273,32,JAWA BARAT,3201,KABUPATEN BOGOR,BORDIR,141,UNIT,2018
274,32,JAWA BARAT,3201,KABUPATEN BOGOR,CRAFT,35159,UNIT,2018
275,32,JAWA BARAT,3201,KABUPATEN BOGOR,FASHION,34315,UNIT,2018
276,32,JAWA BARAT,3201,KABUPATEN BOGOR,KONVEKSI,20955,UNIT,2018
277,32,JAWA BARAT,3201,KABUPATEN BOGOR,KULINER,151325,UNIT,2018
278,32,JAWA BARAT,3201,KABUPATEN BOGOR,MAKANAN,110681,UNIT,2018
279,32,JAWA BARAT,3201,KABUPATEN BOGOR,MINUMAN,20533,UNIT,2018
280,32,JAWA BARAT,3201,KABUPATEN BOGOR,JASA/LAINNYA,47816,UNIT,2018
281,32,JAWA BARAT,3202,KABUPATEN SUKABUMI,AKSESORIS,706,UNIT,2018
282,32,JAWA BARAT,3202,KABUPATEN SUKABUMI,BATIK,706,UNIT,2018
283,32,JAWA BARAT,3202,KABUPATEN SUKABUMI,BORDIR,101,UNIT,2018
284,32,JAWA BARAT,3202,KABUPATEN SUKABUMI,CRAFT,25218,UNIT,2018
285,32,JAWA BARAT,3202,KABUPATEN SUKABUMI,FASHION,24613,UNIT,2018
286,32,JAWA BARAT,3202,KABUPATEN SUKABUMI,KONVEKSI,15030,UNIT,2018
287,32,JAWA BARAT,3202,KABUPATEN SUKABUMI,KULINER,108537,UNIT,2018
288,32,JAWA BARAT,3202,KABUPATEN SUKABUMI,MAKANAN,79386,UNIT,2018
289,32,JAWA BARAT,3202,KABUPATEN SUKABUMI,MINUMAN,14727,UNIT,2018
290,32,JAWA BARAT,3202,KABUPATEN SUKABUMI,JASA/LAINNYA,34296,UNIT,2018
291,32,JAWA BARAT,3203,KABUPATEN CIANJUR,AKSESORIS,658,UNIT,2018
292,32,JAWA BARAT,3203,KABUPATEN CIANJUR,BATIK,658,UNIT,2018
293,32,JAWA BARAT,3203,KABUPATEN CIANJUR,BORDIR,94,UNIT,2018
294,32,JAWA BARAT,3203,KABUPATEN CIANJUR,CRAFT,23512,UNIT,2018
295,32,JAWA BARAT,3203,KABUPATEN CIANJUR,FASHION,22948,UNIT,2018
296,32,JAWA BARAT,3203,KABUPATEN CIANJUR,KONVEKSI,14013,UNIT,2018
297,32,JAWA BARAT,3203,KABUPATEN CIANJUR,KULINER,101196,UNIT,2018
298,32,JAWA BARAT,3203,KABUPATEN CIANJUR,MAKANAN,74016,UNIT,2018
299,32,JAWA BARAT,3203,KABUPATEN CIANJUR,MINUMAN,13731,UNIT,2018
300,32,JAWA BARAT,3203,KABUPATEN CIANJUR,JASA/LAINNYA,31977,UNIT,2018
301,32,JAWA BARAT,3204,KABUPATEN BANDUNG,AKSESORIS,927,UNIT,2018
302,32,JAWA BARAT,3204,KABUPATEN BANDUNG,BATIK,927,UNIT,2018
303,32,JAWA BARAT,3204,KABUPATEN BANDUNG,BORDIR,132,UNIT,2018
304,32,JAWA BARAT,3204,KABUPATEN BANDUNG,CRAFT,33118,UNIT,2018
305,32,JAWA BARAT,3204,KABUPATEN BANDUNG,FASHION,32323,UNIT,2018
306,32,JAWA BARAT,3204,KABUPATEN BANDUNG,KONVEKSI,19738,UNIT,2018
307,32,JAWA BARAT,3204,KABUPATEN BANDUNG,KULINER,142541,UNIT,2018
308,32,JAWA BARAT,3204,KABUPATEN BANDUNG,MAKANAN,104256,UNIT,2018
309,32,JAWA BARAT,3204,KABUPATEN BANDUNG,MINUMAN,19341,UNIT,2018
310,32,JAWA BARAT,3204,KABUPATEN BANDUNG,JASA/LAINNYA,45041,UNIT,2018
311,32,JAWA BARAT,3205,KABUPATEN GARUT,AKSESORIS,680,UNIT,2018
312,32,JAWA BARAT,3205,KABUPATEN GARUT,BATIK,680,UNIT,2018
313,32,JAWA BARAT,3205,KABUPATEN GARUT,BORDIR,97,UNIT,2018
314,32,JAWA BARAT,3205,KABUPATEN GARUT,CRAFT,24293,UNIT,2018
315,32,JAWA BARAT,3205,KABUPATEN GARUT,FASHION,23710,UNIT,2018
316,32,JAWA BARAT,3205,KABUPATEN GARUT,KONVEKSI,14479,UNIT,2018
317,32,JAWA BARAT,3205,KABUPATEN GARUT,KULINER,104559,UNIT,2018
318,32,JAWA BARAT,3205,KABUPATEN GARUT,MAKANAN,76475,UNIT,2018
319,32,JAWA BARAT,3205,KABUPATEN GARUT,MINUMAN,14187,UNIT,2018
320,32,JAWA BARAT,3205,KABUPATEN GARUT,JASA/LAINNYA,33039,UNIT,2018
321,32,JAWA BARAT,3206,KABUPATEN TASIKMALAYA,AKSESORIS,494,UNIT,2018
322,32,JAWA BARAT,3206,KABUPATEN TASIKMALAYA,BATIK,494,UNIT,2018
323,32,JAWA BARAT,3206,KABUPATEN TASIKMALAYA,BORDIR,71,UNIT,2018
324,32,JAWA BARAT,3206,KABUPATEN TASIKMALAYA,CRAFT,17631,UNIT,2018
325,32,JAWA BARAT,3206,KABUPATEN TASIKMALAYA,FASHION,17207,UNIT,2018
326,32,JAWA BARAT,3206,KABUPATEN TASIKMALAYA,KONVEKSI,10508,UNIT,2018
327,32,JAWA BARAT,3206,KABUPATEN TASIKMALAYA,KULINER,75882,UNIT,2018
328,32,JAWA BARAT,3206,KABUPATEN TASIKMALAYA,MAKANAN,55501,UNIT,2018
329,32,JAWA BARAT,3206,KABUPATEN TASIKMALAYA,MINUMAN,10296,UNIT,2018
330,32,JAWA BARAT,3206,KABUPATEN TASIKMALAYA,JASA/LAINNYA,23978,UNIT,2018
331,32,JAWA BARAT,3207,KABUPATEN CIAMIS,AKSESORIS,367,UNIT,2018
332,32,JAWA BARAT,3207,KABUPATEN CIAMIS,BATIK,367,UNIT,2018
333,32,JAWA BARAT,3207,KABUPATEN CIAMIS,BORDIR,52,UNIT,2018
334,32,JAWA BARAT,3207,KABUPATEN CIAMIS,CRAFT,13098,UNIT,2018
335,32,JAWA BARAT,3207,KABUPATEN CIAMIS,FASHION,12784,UNIT,2018
336,32,JAWA BARAT,3207,KABUPATEN CIAMIS,KONVEKSI,7806,UNIT,2018
337,32,JAWA BARAT,3207,KABUPATEN CIAMIS,KULINER,56374,UNIT,2018
338,32,JAWA BARAT,3207,KABUPATEN CIAMIS,MAKANAN,41233,UNIT,2018
339,32,JAWA BARAT,3207,KABUPATEN CIAMIS,MINUMAN,7649,UNIT,2018
340,32,JAWA BARAT,3207,KABUPATEN CIAMIS,JASA/LAINNYA,17813,UNIT,2018
341,32,JAWA BARAT,3208,KABUPATEN KUNINGAN,AKSESORIS,249,UNIT,2018
342,32,JAWA BARAT,3208,KABUPATEN KUNINGAN,BATIK,249,UNIT,2018
343,32,JAWA BARAT,3208,KABUPATEN KUNINGAN,BORDIR,36,UNIT,2018
344,32,JAWA BARAT,3208,KABUPATEN KUNINGAN,CRAFT,8895,UNIT,2018
345,32,JAWA BARAT,3208,KABUPATEN KUNINGAN,FASHION,8682,UNIT,2018
346,32,JAWA BARAT,3208,KABUPATEN KUNINGAN,KONVEKSI,5301,UNIT,2018
347,32,JAWA BARAT,3208,KABUPATEN KUNINGAN,KULINER,38284,UNIT,2018
348,32,JAWA BARAT,3208,KABUPATEN KUNINGAN,MAKANAN,28002,UNIT,2018
349,32,JAWA BARAT,3208,KABUPATEN KUNINGAN,MINUMAN,5195,UNIT,2018
350,32,JAWA BARAT,3208,KABUPATEN KUNINGAN,JASA/LAINNYA,12097,UNIT,2018
351,32,JAWA BARAT,3209,KABUPATEN CIREBON,AKSESORIS,663,UNIT,2018
352,32,JAWA BARAT,3209,KABUPATEN CIREBON,BATIK,663,UNIT,2018
353,32,JAWA BARAT,3209,KABUPATEN CIREBON,BORDIR,95,UNIT,2018
354,32,JAWA BARAT,3209,KABUPATEN CIREBON,CRAFT,23681,UNIT,2018
355,32,JAWA BARAT,3209,KABUPATEN CIREBON,FASHION,23112,UNIT,2018
356,32,JAWA BARAT,3209,KABUPATEN CIREBON,KONVEKSI,14114,UNIT,2018
357,32,JAWA BARAT,3209,KABUPATEN CIREBON,KULINER,101921,UNIT,2018
358,32,JAWA BARAT,3209,KABUPATEN CIREBON,MAKANAN,74546,UNIT,2018
359,32,JAWA BARAT,3209,KABUPATEN CIREBON,MINUMAN,13829,UNIT,2018
360,32,JAWA BARAT,3209,KABUPATEN CIREBON,JASA/LAINNYA,32206,UNIT,2018
361,32,JAWA BARAT,3210,KABUPATEN MAJALENGKA,AKSESORIS,412,UNIT,2018
362,32,JAWA BARAT,3210,KABUPATEN MAJALENGKA,BATIK,412,UNIT,2018
363,32,JAWA BARAT,3210,KABUPATEN MAJALENGKA,BORDIR,59,UNIT,2018
364,32,JAWA BARAT,3210,KABUPATEN MAJALENGKA,CRAFT,14703,UNIT,2018
365,32,JAWA BARAT,3210,KABUPATEN MAJALENGKA,FASHION,14350,UNIT,2018
366,32,JAWA BARAT,3210,KABUPATEN MAJALENGKA,KONVEKSI,8763,UNIT,2018
367,32,JAWA BARAT,3210,KABUPATEN MAJALENGKA,KULINER,63282,UNIT,2018
368,32,JAWA BARAT,3210,KABUPATEN MAJALENGKA,MAKANAN,46286,UNIT,2018
369,32,JAWA BARAT,3210,KABUPATEN MAJALENGKA,MINUMAN,8587,UNIT,2018
370,32,JAWA BARAT,3210,KABUPATEN MAJALENGKA,JASA/LAINNYA,19996,UNIT,2018
371,32,JAWA BARAT,3211,KABUPATEN SUMEDANG,AKSESORIS,305,UNIT,2018
372,32,JAWA BARAT,3211,KABUPATEN SUMEDANG,BATIK,305,UNIT,2018
373,32,JAWA BARAT,3211,KABUPATEN SUMEDANG,BORDIR,44,UNIT,2018
374,32,JAWA BARAT,3211,KABUPATEN SUMEDANG,CRAFT,10894,UNIT,2018
375,32,JAWA BARAT,3211,KABUPATEN SUMEDANG,FASHION,10632,UNIT,2018
376,32,JAWA BARAT,3211,KABUPATEN SUMEDANG,KONVEKSI,6493,UNIT,2018
377,32,JAWA BARAT,3211,KABUPATEN SUMEDANG,KULINER,46886,UNIT,2018
378,32,JAWA BARAT,3211,KABUPATEN SUMEDANG,MAKANAN,34293,UNIT,2018
379,32,JAWA BARAT,3211,KABUPATEN SUMEDANG,MINUMAN,6362,UNIT,2018
380,32,JAWA BARAT,3211,KABUPATEN SUMEDANG,JASA/LAINNYA,14815,UNIT,2018
381,32,JAWA BARAT,3212,KABUPATEN INDRAMAYU,AKSESORIS,501,UNIT,2018
382,32,JAWA BARAT,3212,KABUPATEN INDRAMAYU,BATIK,501,UNIT,2018
383,32,JAWA BARAT,3212,KABUPATEN INDRAMAYU,BORDIR,72,UNIT,2018
384,32,JAWA BARAT,3212,KABUPATEN INDRAMAYU,CRAFT,17910,UNIT,2018
385,32,JAWA BARAT,3212,KABUPATEN INDRAMAYU,FASHION,17480,UNIT,2018
386,32,JAWA BARAT,3212,KABUPATEN INDRAMAYU,KONVEKSI,10674,UNIT,2018
387,32,JAWA BARAT,3212,KABUPATEN INDRAMAYU,KULINER,77083,UNIT,2018
388,32,JAWA BARAT,3212,KABUPATEN INDRAMAYU,MAKANAN,56380,UNIT,2018
389,32,JAWA BARAT,3212,KABUPATEN INDRAMAYU,MINUMAN,10459,UNIT,2018
390,32,JAWA BARAT,3212,KABUPATEN INDRAMAYU,JASA/LAINNYA,24357,UNIT,2018
391,32,JAWA BARAT,3213,KABUPATEN SUBANG,AKSESORIS,446,UNIT,2018
392,32,JAWA BARAT,3213,KABUPATEN SUBANG,BATIK,446,UNIT,2018
393,32,JAWA BARAT,3213,KABUPATEN SUBANG,BORDIR,64,UNIT,2018
394,32,JAWA BARAT,3213,KABUPATEN SUBANG,CRAFT,15916,UNIT,2018
395,32,JAWA BARAT,3213,KABUPATEN SUBANG,FASHION,15534,UNIT,2018
396,32,JAWA BARAT,3213,KABUPATEN SUBANG,KONVEKSI,9486,UNIT,2018
397,32,JAWA BARAT,3213,KABUPATEN SUBANG,KULINER,68502,UNIT,2018
398,32,JAWA BARAT,3213,KABUPATEN SUBANG,MAKANAN,50103,UNIT,2018
399,32,JAWA BARAT,3213,KABUPATEN SUBANG,MINUMAN,9295,UNIT,2018
400,32,JAWA BARAT,3213,KABUPATEN SUBANG,JASA/LAINNYA,21646,UNIT,2018
401,32,JAWA BARAT,3214,KABUPATEN PURWAKARTA,AKSESORIS,229,UNIT,2018
402,32,JAWA BARAT,3214,KABUPATEN PURWAKARTA,BATIK,229,UNIT,2018
403,32,JAWA BARAT,3214,KABUPATEN PURWAKARTA,BORDIR,33,UNIT,2018
404,32,JAWA BARAT,3214,KABUPATEN PURWAKARTA,CRAFT,8179,UNIT,2018
405,32,JAWA BARAT,3214,KABUPATEN PURWAKARTA,FASHION,7983,UNIT,2018
406,32,JAWA BARAT,3214,KABUPATEN PURWAKARTA,KONVEKSI,4875,UNIT,2018
407,32,JAWA BARAT,3214,KABUPATEN PURWAKARTA,KULINER,35202,UNIT,2018
408,32,JAWA BARAT,3214,KABUPATEN PURWAKARTA,MAKANAN,25747,UNIT,2018
409,32,JAWA BARAT,3214,KABUPATEN PURWAKARTA,MINUMAN,4776,UNIT,2018
410,32,JAWA BARAT,3214,KABUPATEN PURWAKARTA,JASA/LAINNYA,11123,UNIT,2018
411,32,JAWA BARAT,3215,KABUPATEN KARAWANG,AKSESORIS,613,UNIT,2018
412,32,JAWA BARAT,3215,KABUPATEN KARAWANG,BATIK,613,UNIT,2018
413,32,JAWA BARAT,3215,KABUPATEN KARAWANG,BORDIR,88,UNIT,2018
414,32,JAWA BARAT,3215,KABUPATEN KARAWANG,CRAFT,21900,UNIT,2018
415,32,JAWA BARAT,3215,KABUPATEN KARAWANG,FASHION,21374,UNIT,2018
416,32,JAWA BARAT,3215,KABUPATEN KARAWANG,KONVEKSI,13052,UNIT,2018
417,32,JAWA BARAT,3215,KABUPATEN KARAWANG,KULINER,94256,UNIT,2018
418,32,JAWA BARAT,3215,KABUPATEN KARAWANG,MAKANAN,68940,UNIT,2018
419,32,JAWA BARAT,3215,KABUPATEN KARAWANG,MINUMAN,12789,UNIT,2018
420,32,JAWA BARAT,3215,KABUPATEN KARAWANG,JASA/LAINNYA,29783,UNIT,2018
421,32,JAWA BARAT,3216,KABUPATEN BEKASI,AKSESORIS,606,UNIT,2018
422,32,JAWA BARAT,3216,KABUPATEN BEKASI,BATIK,606,UNIT,2018
423,32,JAWA BARAT,3216,KABUPATEN BEKASI,BORDIR,87,UNIT,2018
424,32,JAWA BARAT,3216,KABUPATEN BEKASI,CRAFT,21659,UNIT,2018
425,32,JAWA BARAT,3216,KABUPATEN BEKASI,FASHION,21139,UNIT,2018
426,32,JAWA BARAT,3216,KABUPATEN BEKASI,KONVEKSI,12909,UNIT,2018
427,32,JAWA BARAT,3216,KABUPATEN BEKASI,KULINER,93221,UNIT,2018
428,32,JAWA BARAT,3216,KABUPATEN BEKASI,MAKANAN,68183,UNIT,2018
429,32,JAWA BARAT,3216,KABUPATEN BEKASI,MINUMAN,12649,UNIT,2018
430,32,JAWA BARAT,3216,KABUPATEN BEKASI,JASA/LAINNYA,29456,UNIT,2018
431,32,JAWA BARAT,3217,KABUPATEN BANDUNG BARAT,AKSESORIS,410,UNIT,2018
432,32,JAWA BARAT,3217,KABUPATEN BANDUNG BARAT,BATIK,410,UNIT,2018
433,32,JAWA BARAT,3217,KABUPATEN BANDUNG BARAT,BORDIR,59,UNIT,2018
434,32,JAWA BARAT,3217,KABUPATEN BANDUNG BARAT,CRAFT,14651,UNIT,2018
435,32,JAWA BARAT,3217,KABUPATEN BANDUNG BARAT,FASHION,14300,UNIT,2018
436,32,JAWA BARAT,3217,KABUPATEN BANDUNG BARAT,KONVEKSI,8732,UNIT,2018
437,32,JAWA BARAT,3217,KABUPATEN BANDUNG BARAT,KULINER,63059,UNIT,2018
438,32,JAWA BARAT,3217,KABUPATEN BANDUNG BARAT,MAKANAN,46122,UNIT,2018
439,32,JAWA BARAT,3217,KABUPATEN BANDUNG BARAT,MINUMAN,8556,UNIT,2018
440,32,JAWA BARAT,3217,KABUPATEN BANDUNG BARAT,JASA/LAINNYA,19926,UNIT,2018
441,32,JAWA BARAT,3218,KABUPATEN PANGANDARAN,AKSESORIS,158,UNIT,2018
442,32,JAWA BARAT,3218,KABUPATEN PANGANDARAN,BATIK,158,UNIT,2018
443,32,JAWA BARAT,3218,KABUPATEN PANGANDARAN,BORDIR,23,UNIT,2018
444,32,JAWA BARAT,3218,KABUPATEN PANGANDARAN,CRAFT,5652,UNIT,2018
445,32,JAWA BARAT,3218,KABUPATEN PANGANDARAN,FASHION,5517,UNIT,2018
446,32,JAWA BARAT,3218,KABUPATEN PANGANDARAN,KONVEKSI,3369,UNIT,2018
447,32,JAWA BARAT,3218,KABUPATEN PANGANDARAN,KULINER,24327,UNIT,2018
448,32,JAWA BARAT,3218,KABUPATEN PANGANDARAN,MAKANAN,17793,UNIT,2018
449,32,JAWA BARAT,3218,KABUPATEN PANGANDARAN,MINUMAN,3301,UNIT,2018
450,32,JAWA BARAT,3218,KABUPATEN PANGANDARAN,JASA/LAINNYA,7687,UNIT,2018
451,32,JAWA BARAT,3271,KOTA BOGOR,AKSESORIS,227,UNIT,2018
452,32,JAWA BARAT,3271,KOTA BOGOR,BATIK,227,UNIT,2018
453,32,JAWA BARAT,3271,KOTA BOGOR,BORDIR,32,UNIT,2018
454,32,JAWA BARAT,3271,KOTA BOGOR,CRAFT,8100,UNIT,2018
455,32,JAWA BARAT,3271,KOTA BOGOR,FASHION,7906,UNIT,2018
456,32,JAWA BARAT,3271,KOTA BOGOR,KONVEKSI,4828,UNIT,2018
457,32,JAWA BARAT,3271,KOTA BOGOR,KULINER,34863,UNIT,2018
458,32,JAWA BARAT,3271,KOTA BOGOR,MAKANAN,25499,UNIT,2018
459,32,JAWA BARAT,3271,KOTA BOGOR,MINUMAN,4731,UNIT,2018
460,32,JAWA BARAT,3271,KOTA BOGOR,JASA/LAINNYA,11016,UNIT,2018
461,32,JAWA BARAT,3272,KOTA SUKABUMI,AKSESORIS,105,UNIT,2018
462,32,JAWA BARAT,3272,KOTA SUKABUMI,BATIK,105,UNIT,2018
463,32,JAWA BARAT,3272,KOTA SUKABUMI,BORDIR,15,UNIT,2018
464,32,JAWA BARAT,3272,KOTA SUKABUMI,CRAFT,3748,UNIT,2018
465,32,JAWA BARAT,3272,KOTA SUKABUMI,FASHION,3658,UNIT,2018
466,32,JAWA BARAT,3272,KOTA SUKABUMI,KONVEKSI,2234,UNIT,2018
467,32,JAWA BARAT,3272,KOTA SUKABUMI,KULINER,16132,UNIT,2018
468,32,JAWA BARAT,3272,KOTA SUKABUMI,MAKANAN,11799,UNIT,2018
469,32,JAWA BARAT,3272,KOTA SUKABUMI,MINUMAN,2189,UNIT,2018
470,32,JAWA BARAT,3272,KOTA SUKABUMI,JASA/LAINNYA,5097,UNIT,2018
471,32,JAWA BARAT,3273,KOTA BANDUNG,AKSESORIS,903,UNIT,2018
472,32,JAWA BARAT,3273,KOTA BANDUNG,BATIK,903,UNIT,2018
473,32,JAWA BARAT,3273,KOTA BANDUNG,BORDIR,129,UNIT,2018
474,32,JAWA BARAT,3273,KOTA BANDUNG,CRAFT,32243,UNIT,2018
475,32,JAWA BARAT,3273,KOTA BANDUNG,FASHION,31469,UNIT,2018
476,32,JAWA BARAT,3273,KOTA BANDUNG,KONVEKSI,19217,UNIT,2018
477,32,JAWA BARAT,3273,KOTA BANDUNG,KULINER,138773,UNIT,2018
478,32,JAWA BARAT,3273,KOTA BANDUNG,MAKANAN,101500,UNIT,2018
479,32,JAWA BARAT,3273,KOTA BANDUNG,MINUMAN,18830,UNIT,2018
480,32,JAWA BARAT,3273,KOTA BANDUNG,JASA/LAINNYA,43850,UNIT,2018
481,32,JAWA BARAT,3274,KOTA CIREBON,AKSESORIS,106,UNIT,2018
482,32,JAWA BARAT,3274,KOTA CIREBON,BATIK,106,UNIT,2018
483,32,JAWA BARAT,3274,KOTA CIREBON,BORDIR,15,UNIT,2018
484,32,JAWA BARAT,3274,KOTA CIREBON,CRAFT,3771,UNIT,2018
485,32,JAWA BARAT,3274,KOTA CIREBON,FASHION,3680,UNIT,2018
486,32,JAWA BARAT,3274,KOTA CIREBON,KONVEKSI,2247,UNIT,2018
487,32,JAWA BARAT,3274,KOTA CIREBON,KULINER,16230,UNIT,2018
488,32,JAWA BARAT,3274,KOTA CIREBON,MAKANAN,11871,UNIT,2018
489,32,JAWA BARAT,3274,KOTA CIREBON,MINUMAN,2202,UNIT,2018
490,32,JAWA BARAT,3274,KOTA CIREBON,JASA/LAINNYA,5128,UNIT,2018
491,32,JAWA BARAT,3275,KOTA BEKASI,AKSESORIS,533,UNIT,2018
492,32,JAWA BARAT,3275,KOTA BEKASI,BATIK,533,UNIT,2018
493,32,JAWA BARAT,3275,KOTA BEKASI,BORDIR,76,UNIT,2018
494,32,JAWA BARAT,3275,KOTA BEKASI,CRAFT,19036,UNIT,2018
495,32,JAWA BARAT,3275,KOTA BEKASI,FASHION,18579,UNIT,2018
496,32,JAWA BARAT,3275,KOTA BEKASI,KONVEKSI,11345,UNIT,2018
497,32,JAWA BARAT,3275,KOTA BEKASI,KULINER,81929,UNIT,2018
498,32,JAWA BARAT,3275,KOTA BEKASI,MAKANAN,59924,UNIT,2018
499,32,JAWA BARAT,3275,KOTA BEKASI,MINUMAN,11117,UNIT,2018
500,32,JAWA BARAT,3275,KOTA BEKASI,JASA/LAINNYA,25888,UNIT,2018
501,32,JAWA BARAT,3276,KOTA DEPOK,AKSESORIS,426,UNIT,2018
502,32,JAWA BARAT,3276,KOTA DEPOK,BATIK,426,UNIT,2018
503,32,JAWA BARAT,3276,KOTA DEPOK,BORDIR,61,UNIT,2018
504,32,JAWA BARAT,3276,KOTA DEPOK,CRAFT,15223,UNIT,2018
505,32,JAWA BARAT,3276,KOTA DEPOK,FASHION,14858,UNIT,2018
506,32,JAWA BARAT,3276,KOTA DEPOK,KONVEKSI,9073,UNIT,2018
507,32,JAWA BARAT,3276,KOTA DEPOK,KULINER,65521,UNIT,2018
508,32,JAWA BARAT,3276,KOTA DEPOK,MAKANAN,47923,UNIT,2018
509,32,JAWA BARAT,3276,KOTA DEPOK,MINUMAN,8890,UNIT,2018
510,32,JAWA BARAT,3276,KOTA DEPOK,JASA/LAINNYA,20704,UNIT,2018
511,32,JAWA BARAT,3277,KOTA CIMAHI,AKSESORIS,149,UNIT,2018
512,32,JAWA BARAT,3277,KOTA CIMAHI,BATIK,149,UNIT,2018
513,32,JAWA BARAT,3277,KOTA CIMAHI,BORDIR,21,UNIT,2018
514,32,JAWA BARAT,3277,KOTA CIMAHI,CRAFT,5335,UNIT,2018
515,32,JAWA BARAT,3277,KOTA CIMAHI,FASHION,5207,UNIT,2018
516,32,JAWA BARAT,3277,KOTA CIMAHI,KONVEKSI,3180,UNIT,2018
517,32,JAWA BARAT,3277,KOTA CIMAHI,KULINER,22962,UNIT,2018
518,32,JAWA BARAT,3277,KOTA CIMAHI,MAKANAN,16795,UNIT,2018
519,32,JAWA BARAT,3277,KOTA CIMAHI,MINUMAN,3116,UNIT,2018
520,32,JAWA BARAT,3277,KOTA CIMAHI,JASA/LAINNYA,7256,UNIT,2018
521,32,JAWA BARAT,3278,KOTA TASIKMALAYA,AKSESORIS,239,UNIT,2018
522,32,JAWA BARAT,3278,KOTA TASIKMALAYA,BATIK,239,UNIT,2018
523,32,JAWA BARAT,3278,KOTA TASIKMALAYA,BORDIR,34,UNIT,2018
524,32,JAWA BARAT,3278,KOTA TASIKMALAYA,CRAFT,8541,UNIT,2018
525,32,JAWA BARAT,3278,KOTA TASIKMALAYA,FASHION,8336,UNIT,2018
526,32,JAWA BARAT,3278,KOTA TASIKMALAYA,KONVEKSI,5091,UNIT,2018
527,32,JAWA BARAT,3278,KOTA TASIKMALAYA,KULINER,36762,UNIT,2018
528,32,JAWA BARAT,3278,KOTA TASIKMALAYA,MAKANAN,26888,UNIT,2018
529,32,JAWA BARAT,3278,KOTA TASIKMALAYA,MINUMAN,4988,UNIT,2018
530,32,JAWA BARAT,3278,KOTA TASIKMALAYA,JASA/LAINNYA,11616,UNIT,2018
531,32,JAWA BARAT,3279,KOTA BANJAR,AKSESORIS,68,UNIT,2018
532,32,JAWA BARAT,3279,KOTA BANJAR,BATIK,68,UNIT,2018
533,32,JAWA BARAT,3279,KOTA BANJAR,BORDIR,10,UNIT,2018
534,32,JAWA BARAT,3279,KOTA BANJAR,CRAFT,2428,UNIT,2018
535,32,JAWA BARAT,3279,KOTA BANJAR,FASHION,2369,UNIT,2018
536,32,JAWA BARAT,3279,KOTA BANJAR,KONVEKSI,1447,UNIT,2018
537,32,JAWA BARAT,3279,KOTA BANJAR,KULINER,10449,UNIT,2018
538,32,JAWA BARAT,3279,KOTA BANJAR,MAKANAN,7642,UNIT,2018
539,32,JAWA BARAT,3279,KOTA BANJAR,MINUMAN,1418,UNIT,2018
540,32,JAWA BARAT,3279,KOTA BANJAR,JASA/LAINNYA,3302,UNIT,2018
541,32,JAWA BARAT,3201,KABUPATEN BOGOR,AKSESORIS,1045,UNIT,2019
542,32,JAWA BARAT,3201,KABUPATEN BOGOR,BATIK,1045,UNIT,2019
543,32,JAWA BARAT,3201,KABUPATEN BOGOR,BORDIR,149,UNIT,2019
544,32,JAWA BARAT,3201,KABUPATEN BOGOR,CRAFT,37335,UNIT,2019
545,32,JAWA BARAT,3201,KABUPATEN BOGOR,FASHION,36438,UNIT,2019
546,32,JAWA BARAT,3201,KABUPATEN BOGOR,KONVEKSI,22251,UNIT,2019
547,32,JAWA BARAT,3201,KABUPATEN BOGOR,KULINER,160688,UNIT,2019
548,32,JAWA BARAT,3201,KABUPATEN BOGOR,MAKANAN,117529,UNIT,2019
549,32,JAWA BARAT,3201,KABUPATEN BOGOR,MINUMAN,21803,UNIT,2019
550,32,JAWA BARAT,3201,KABUPATEN BOGOR,JASA/LAINNYA,50775,UNIT,2019
551,32,JAWA BARAT,3202,KABUPATEN SUKABUMI,AKSESORIS,750,UNIT,2019
552,32,JAWA BARAT,3202,KABUPATEN SUKABUMI,BATIK,750,UNIT,2019
553,32,JAWA BARAT,3202,KABUPATEN SUKABUMI,BORDIR,107,UNIT,2019
554,32,JAWA BARAT,3202,KABUPATEN SUKABUMI,CRAFT,26778,UNIT,2019
555,32,JAWA BARAT,3202,KABUPATEN SUKABUMI,FASHION,26135,UNIT,2019
556,32,JAWA BARAT,3202,KABUPATEN SUKABUMI,KONVEKSI,15960,UNIT,2019
557,32,JAWA BARAT,3202,KABUPATEN SUKABUMI,KULINER,115253,UNIT,2019
558,32,JAWA BARAT,3202,KABUPATEN SUKABUMI,MAKANAN,84297,UNIT,2019
559,32,JAWA BARAT,3202,KABUPATEN SUKABUMI,MINUMAN,15638,UNIT,2019
560,32,JAWA BARAT,3202,KABUPATEN SUKABUMI,JASA/LAINNYA,36418,UNIT,2019
561,32,JAWA BARAT,3203,KABUPATEN CIANJUR,AKSESORIS,699,UNIT,2019
562,32,JAWA BARAT,3203,KABUPATEN CIANJUR,BATIK,699,UNIT,2019
563,32,JAWA BARAT,3203,KABUPATEN CIANJUR,BORDIR,100,UNIT,2019
564,32,JAWA BARAT,3203,KABUPATEN CIANJUR,CRAFT,24967,UNIT,2019
565,32,JAWA BARAT,3203,KABUPATEN CIANJUR,FASHION,24368,UNIT,2019
566,32,JAWA BARAT,3203,KABUPATEN CIANJUR,KONVEKSI,14880,UNIT,2019
567,32,JAWA BARAT,3203,KABUPATEN CIANJUR,KULINER,107458,UNIT,2019
568,32,JAWA BARAT,3203,KABUPATEN CIANJUR,MAKANAN,78596,UNIT,2019
569,32,JAWA BARAT,3203,KABUPATEN CIANJUR,MINUMAN,14581,UNIT,2019
570,32,JAWA BARAT,3203,KABUPATEN CIANJUR,JASA/LAINNYA,33955,UNIT,2019
571,32,JAWA BARAT,3204,KABUPATEN BANDUNG,AKSESORIS,985,UNIT,2019
572,32,JAWA BARAT,3204,KABUPATEN BANDUNG,BATIK,985,UNIT,2019
573,32,JAWA BARAT,3204,KABUPATEN BANDUNG,BORDIR,141,UNIT,2019
574,32,JAWA BARAT,3204,KABUPATEN BANDUNG,CRAFT,35167,UNIT,2019
575,32,JAWA BARAT,3204,KABUPATEN BANDUNG,FASHION,34323,UNIT,2019
576,32,JAWA BARAT,3204,KABUPATEN BANDUNG,KONVEKSI,20960,UNIT,2019
577,32,JAWA BARAT,3204,KABUPATEN BANDUNG,KULINER,151360,UNIT,2019
578,32,JAWA BARAT,3204,KABUPATEN BANDUNG,MAKANAN,110707,UNIT,2019
579,32,JAWA BARAT,3204,KABUPATEN BANDUNG,MINUMAN,20538,UNIT,2019
580,32,JAWA BARAT,3204,KABUPATEN BANDUNG,JASA/LAINNYA,47828,UNIT,2019
581,32,JAWA BARAT,3205,KABUPATEN GARUT,AKSESORIS,722,UNIT,2019
582,32,JAWA BARAT,3205,KABUPATEN GARUT,BATIK,722,UNIT,2019
583,32,JAWA BARAT,3205,KABUPATEN GARUT,BORDIR,103,UNIT,2019
584,32,JAWA BARAT,3205,KABUPATEN GARUT,CRAFT,25796,UNIT,2019
585,32,JAWA BARAT,3205,KABUPATEN GARUT,FASHION,25177,UNIT,2019
586,32,JAWA BARAT,3205,KABUPATEN GARUT,KONVEKSI,15375,UNIT,2019
587,32,JAWA BARAT,3205,KABUPATEN GARUT,KULINER,111028,UNIT,2019
588,32,JAWA BARAT,3205,KABUPATEN GARUT,MAKANAN,81207,UNIT,2019
589,32,JAWA BARAT,3205,KABUPATEN GARUT,MINUMAN,15065,UNIT,2019
590,32,JAWA BARAT,3205,KABUPATEN GARUT,JASA/LAINNYA,35083,UNIT,2019
591,32,JAWA BARAT,3206,KABUPATEN TASIKMALAYA,AKSESORIS,524,UNIT,2019
592,32,JAWA BARAT,3206,KABUPATEN TASIKMALAYA,BATIK,524,UNIT,2019
593,32,JAWA BARAT,3206,KABUPATEN TASIKMALAYA,BORDIR,75,UNIT,2019
594,32,JAWA BARAT,3206,KABUPATEN TASIKMALAYA,CRAFT,18721,UNIT,2019
595,32,JAWA BARAT,3206,KABUPATEN TASIKMALAYA,FASHION,18272,UNIT,2019
596,32,JAWA BARAT,3206,KABUPATEN TASIKMALAYA,KONVEKSI,11158,UNIT,2019
597,32,JAWA BARAT,3206,KABUPATEN TASIKMALAYA,KULINER,80577,UNIT,2019
598,32,JAWA BARAT,3206,KABUPATEN TASIKMALAYA,MAKANAN,58935,UNIT,2019
599,32,JAWA BARAT,3206,KABUPATEN TASIKMALAYA,MINUMAN,10933,UNIT,2019
600,32,JAWA BARAT,3206,KABUPATEN TASIKMALAYA,JASA/LAINNYA,25461,UNIT,2019
601,32,JAWA BARAT,3207,KABUPATEN CIAMIS,AKSESORIS,389,UNIT,2019
602,32,JAWA BARAT,3207,KABUPATEN CIAMIS,BATIK,389,UNIT,2019
603,32,JAWA BARAT,3207,KABUPATEN CIAMIS,BORDIR,56,UNIT,2019
604,32,JAWA BARAT,3207,KABUPATEN CIAMIS,CRAFT,13908,UNIT,2019
605,32,JAWA BARAT,3207,KABUPATEN CIAMIS,FASHION,13575,UNIT,2019
606,32,JAWA BARAT,3207,KABUPATEN CIAMIS,KONVEKSI,8289,UNIT,2019
607,32,JAWA BARAT,3207,KABUPATEN CIAMIS,KULINER,59862,UNIT,2019
608,32,JAWA BARAT,3207,KABUPATEN CIAMIS,MAKANAN,43784,UNIT,2019
609,32,JAWA BARAT,3207,KABUPATEN CIAMIS,MINUMAN,8123,UNIT,2019
610,32,JAWA BARAT,3207,KABUPATEN CIAMIS,JASA/LAINNYA,18916,UNIT,2019
611,32,JAWA BARAT,3208,KABUPATEN KUNINGAN,AKSESORIS,264,UNIT,2019
612,32,JAWA BARAT,3208,KABUPATEN KUNINGAN,BATIK,264,UNIT,2019
613,32,JAWA BARAT,3208,KABUPATEN KUNINGAN,BORDIR,38,UNIT,2019
614,32,JAWA BARAT,3208,KABUPATEN KUNINGAN,CRAFT,9445,UNIT,2019
615,32,JAWA BARAT,3208,KABUPATEN KUNINGAN,FASHION,9219,UNIT,2019
616,32,JAWA BARAT,3208,KABUPATEN KUNINGAN,KONVEKSI,5629,UNIT,2019
617,32,JAWA BARAT,3208,KABUPATEN KUNINGAN,KULINER,40653,UNIT,2019
618,32,JAWA BARAT,3208,KABUPATEN KUNINGAN,MAKANAN,29734,UNIT,2019
619,32,JAWA BARAT,3208,KABUPATEN KUNINGAN,MINUMAN,5516,UNIT,2019
620,32,JAWA BARAT,3208,KABUPATEN KUNINGAN,JASA/LAINNYA,12846,UNIT,2019
621,32,JAWA BARAT,3209,KABUPATEN CIREBON,AKSESORIS,704,UNIT,2019
622,32,JAWA BARAT,3209,KABUPATEN CIREBON,BATIK,704,UNIT,2019
623,32,JAWA BARAT,3209,KABUPATEN CIREBON,BORDIR,101,UNIT,2019
624,32,JAWA BARAT,3209,KABUPATEN CIREBON,CRAFT,25146,UNIT,2019
625,32,JAWA BARAT,3209,KABUPATEN CIREBON,FASHION,24542,UNIT,2019
626,32,JAWA BARAT,3209,KABUPATEN CIREBON,KONVEKSI,14987,UNIT,2019
627,32,JAWA BARAT,3209,KABUPATEN CIREBON,KULINER,108227,UNIT,2019
628,32,JAWA BARAT,3209,KABUPATEN CIREBON,MAKANAN,79159,UNIT,2019
629,32,JAWA BARAT,3209,KABUPATEN CIREBON,MINUMAN,14685,UNIT,2019
630,32,JAWA BARAT,3209,KABUPATEN CIREBON,JASA/LAINNYA,34198,UNIT,2019
631,32,JAWA BARAT,3210,KABUPATEN MAJALENGKA,AKSESORIS,437,UNIT,2019
632,32,JAWA BARAT,3210,KABUPATEN MAJALENGKA,BATIK,437,UNIT,2019
633,32,JAWA BARAT,3210,KABUPATEN MAJALENGKA,BORDIR,62,UNIT,2019
634,32,JAWA BARAT,3210,KABUPATEN MAJALENGKA,CRAFT,15613,UNIT,2019
635,32,JAWA BARAT,3210,KABUPATEN MAJALENGKA,FASHION,15238,UNIT,2019
636,32,JAWA BARAT,3210,KABUPATEN MAJALENGKA,KONVEKSI,9305,UNIT,2019
637,32,JAWA BARAT,3210,KABUPATEN MAJALENGKA,KULINER,67198,UNIT,2019
638,32,JAWA BARAT,3210,KABUPATEN MAJALENGKA,MAKANAN,49149,UNIT,2019
639,32,JAWA BARAT,3210,KABUPATEN MAJALENGKA,MINUMAN,9118,UNIT,2019
640,32,JAWA BARAT,3210,KABUPATEN MAJALENGKA,JASA/LAINNYA,21234,UNIT,2019
641,32,JAWA BARAT,3211,KABUPATEN SUMEDANG,AKSESORIS,324,UNIT,2019
642,32,JAWA BARAT,3211,KABUPATEN SUMEDANG,BATIK,324,UNIT,2019
643,32,JAWA BARAT,3211,KABUPATEN SUMEDANG,BORDIR,46,UNIT,2019
644,32,JAWA BARAT,3211,KABUPATEN SUMEDANG,CRAFT,11568,UNIT,2019
645,32,JAWA BARAT,3211,KABUPATEN SUMEDANG,FASHION,11290,UNIT,2019
646,32,JAWA BARAT,3211,KABUPATEN SUMEDANG,KONVEKSI,6894,UNIT,2019
647,32,JAWA BARAT,3211,KABUPATEN SUMEDANG,KULINER,49787,UNIT,2019
648,32,JAWA BARAT,3211,KABUPATEN SUMEDANG,MAKANAN,36415,UNIT,2019
649,32,JAWA BARAT,3211,KABUPATEN SUMEDANG,MINUMAN,6755,UNIT,2019
650,32,JAWA BARAT,3211,KABUPATEN SUMEDANG,JASA/LAINNYA,15732,UNIT,2019
651,32,JAWA BARAT,3212,KABUPATEN INDRAMAYU,AKSESORIS,532,UNIT,2019
652,32,JAWA BARAT,3212,KABUPATEN INDRAMAYU,BATIK,532,UNIT,2019
653,32,JAWA BARAT,3212,KABUPATEN INDRAMAYU,BORDIR,76,UNIT,2019
654,32,JAWA BARAT,3212,KABUPATEN INDRAMAYU,CRAFT,19018,UNIT,2019
655,32,JAWA BARAT,3212,KABUPATEN INDRAMAYU,FASHION,18561,UNIT,2019
656,32,JAWA BARAT,3212,KABUPATEN INDRAMAYU,KONVEKSI,11335,UNIT,2019
657,32,JAWA BARAT,3212,KABUPATEN INDRAMAYU,KULINER,81853,UNIT,2019
658,32,JAWA BARAT,3212,KABUPATEN INDRAMAYU,MAKANAN,59868,UNIT,2019
659,32,JAWA BARAT,3212,KABUPATEN INDRAMAYU,MINUMAN,11106,UNIT,2019
660,32,JAWA BARAT,3212,KABUPATEN INDRAMAYU,JASA/LAINNYA,25864,UNIT,2019
661,32,JAWA BARAT,3213,KABUPATEN SUBANG,AKSESORIS,473,UNIT,2019
662,32,JAWA BARAT,3213,KABUPATEN SUBANG,BATIK,473,UNIT,2019
663,32,JAWA BARAT,3213,KABUPATEN SUBANG,BORDIR,68,UNIT,2019
664,32,JAWA BARAT,3213,KABUPATEN SUBANG,CRAFT,16901,UNIT,2019
665,32,JAWA BARAT,3213,KABUPATEN SUBANG,FASHION,16495,UNIT,2019
666,32,JAWA BARAT,3213,KABUPATEN SUBANG,KONVEKSI,10073,UNIT,2019
667,32,JAWA BARAT,3213,KABUPATEN SUBANG,KULINER,72741,UNIT,2019
668,32,JAWA BARAT,3213,KABUPATEN SUBANG,MAKANAN,53203,UNIT,2019
669,32,JAWA BARAT,3213,KABUPATEN SUBANG,MINUMAN,9870,UNIT,2019
670,32,JAWA BARAT,3213,KABUPATEN SUBANG,JASA/LAINNYA,22985,UNIT,2019
671,32,JAWA BARAT,3214,KABUPATEN PURWAKARTA,AKSESORIS,243,UNIT,2019
672,32,JAWA BARAT,3214,KABUPATEN PURWAKARTA,BATIK,243,UNIT,2019
673,32,JAWA BARAT,3214,KABUPATEN PURWAKARTA,BORDIR,35,UNIT,2019
674,32,JAWA BARAT,3214,KABUPATEN PURWAKARTA,CRAFT,8685,UNIT,2019
675,32,JAWA BARAT,3214,KABUPATEN PURWAKARTA,FASHION,8477,UNIT,2019
676,32,JAWA BARAT,3214,KABUPATEN PURWAKARTA,KONVEKSI,5176,UNIT,2019
677,32,JAWA BARAT,3214,KABUPATEN PURWAKARTA,KULINER,37380,UNIT,2019
678,32,JAWA BARAT,3214,KABUPATEN PURWAKARTA,MAKANAN,27340,UNIT,2019
679,32,JAWA BARAT,3214,KABUPATEN PURWAKARTA,MINUMAN,5072,UNIT,2019
680,32,JAWA BARAT,3214,KABUPATEN PURWAKARTA,JASA/LAINNYA,11812,UNIT,2019
681,32,JAWA BARAT,3215,KABUPATEN KARAWANG,AKSESORIS,651,UNIT,2019
682,32,JAWA BARAT,3215,KABUPATEN KARAWANG,BATIK,651,UNIT,2019
683,32,JAWA BARAT,3215,KABUPATEN KARAWANG,BORDIR,93,UNIT,2019
684,32,JAWA BARAT,3215,KABUPATEN KARAWANG,CRAFT,23255,UNIT,2019
685,32,JAWA BARAT,3215,KABUPATEN KARAWANG,FASHION,22696,UNIT,2019
686,32,JAWA BARAT,3215,KABUPATEN KARAWANG,KONVEKSI,13860,UNIT,2019
687,32,JAWA BARAT,3215,KABUPATEN KARAWANG,KULINER,100087,UNIT,2019
688,32,JAWA BARAT,3215,KABUPATEN KARAWANG,MAKANAN,73205,UNIT,2019
689,32,JAWA BARAT,3215,KABUPATEN KARAWANG,MINUMAN,13581,UNIT,2019
690,32,JAWA BARAT,3215,KABUPATEN KARAWANG,JASA/LAINNYA,31626,UNIT,2019
691,32,JAWA BARAT,3216,KABUPATEN BEKASI,AKSESORIS,644,UNIT,2019
692,32,JAWA BARAT,3216,KABUPATEN BEKASI,BATIK,644,UNIT,2019
693,32,JAWA BARAT,3216,KABUPATEN BEKASI,BORDIR,92,UNIT,2019
694,32,JAWA BARAT,3216,KABUPATEN BEKASI,CRAFT,22999,UNIT,2019
695,32,JAWA BARAT,3216,KABUPATEN BEKASI,FASHION,22447,UNIT,2019
696,32,JAWA BARAT,3216,KABUPATEN BEKASI,KONVEKSI,13708,UNIT,2019
697,32,JAWA BARAT,3216,KABUPATEN BEKASI,KULINER,98989,UNIT,2019
698,32,JAWA BARAT,3216,KABUPATEN BEKASI,MAKANAN,72402,UNIT,2019
699,32,JAWA BARAT,3216,KABUPATEN BEKASI,MINUMAN,13432,UNIT,2019
700,32,JAWA BARAT,3216,KABUPATEN BEKASI,JASA/LAINNYA,31279,UNIT,2019
701,32,JAWA BARAT,3217,KABUPATEN BANDUNG BARAT,AKSESORIS,436,UNIT,2019
702,32,JAWA BARAT,3217,KABUPATEN BANDUNG BARAT,BATIK,436,UNIT,2019
703,32,JAWA BARAT,3217,KABUPATEN BANDUNG BARAT,BORDIR,62,UNIT,2019
704,32,JAWA BARAT,3217,KABUPATEN BANDUNG BARAT,CRAFT,15558,UNIT,2019
705,32,JAWA BARAT,3217,KABUPATEN BANDUNG BARAT,FASHION,15184,UNIT,2019
706,32,JAWA BARAT,3217,KABUPATEN BANDUNG BARAT,KONVEKSI,9272,UNIT,2019
707,32,JAWA BARAT,3217,KABUPATEN BANDUNG BARAT,KULINER,66960,UNIT,2019
708,32,JAWA BARAT,3217,KABUPATEN BANDUNG BARAT,MAKANAN,48976,UNIT,2019
709,32,JAWA BARAT,3217,KABUPATEN BANDUNG BARAT,MINUMAN,9086,UNIT,2019
710,32,JAWA BARAT,3217,KABUPATEN BANDUNG BARAT,JASA/LAINNYA,21159,UNIT,2019
711,32,JAWA BARAT,3218,KABUPATEN PANGANDARAN,AKSESORIS,168,UNIT,2019
712,32,JAWA BARAT,3218,KABUPATEN PANGANDARAN,BATIK,168,UNIT,2019
713,32,JAWA BARAT,3218,KABUPATEN PANGANDARAN,BORDIR,24,UNIT,2019
714,32,JAWA BARAT,3218,KABUPATEN PANGANDARAN,CRAFT,6002,UNIT,2019
715,32,JAWA BARAT,3218,KABUPATEN PANGANDARAN,FASHION,5858,UNIT,2019
716,32,JAWA BARAT,3218,KABUPATEN PANGANDARAN,KONVEKSI,3577,UNIT,2019
717,32,JAWA BARAT,3218,KABUPATEN PANGANDARAN,KULINER,25832,UNIT,2019
718,32,JAWA BARAT,3218,KABUPATEN PANGANDARAN,MAKANAN,18894,UNIT,2019
719,32,JAWA BARAT,3218,KABUPATEN PANGANDARAN,MINUMAN,3505,UNIT,2019
720,32,JAWA BARAT,3218,KABUPATEN PANGANDARAN,JASA/LAINNYA,8163,UNIT,2019
721,32,JAWA BARAT,3271,KOTA BOGOR,AKSESORIS,241,UNIT,2019
722,32,JAWA BARAT,3271,KOTA BOGOR,BATIK,241,UNIT,2019
723,32,JAWA BARAT,3271,KOTA BOGOR,BORDIR,34,UNIT,2019
724,32,JAWA BARAT,3271,KOTA BOGOR,CRAFT,8601,UNIT,2019
725,32,JAWA BARAT,3271,KOTA BOGOR,FASHION,8395,UNIT,2019
726,32,JAWA BARAT,3271,KOTA BOGOR,KONVEKSI,5126,UNIT,2019
727,32,JAWA BARAT,3271,KOTA BOGOR,KULINER,37020,UNIT,2019
728,32,JAWA BARAT,3271,KOTA BOGOR,MAKANAN,27077,UNIT,2019
729,32,JAWA BARAT,3271,KOTA BOGOR,MINUMAN,5023,UNIT,2019
730,32,JAWA BARAT,3271,KOTA BOGOR,JASA/LAINNYA,11698,UNIT,2019
731,32,JAWA BARAT,3272,KOTA SUKABUMI,AKSESORIS,111,UNIT,2019
732,32,JAWA BARAT,3272,KOTA SUKABUMI,BATIK,111,UNIT,2019
733,32,JAWA BARAT,3272,KOTA SUKABUMI,BORDIR,16,UNIT,2019
734,32,JAWA BARAT,3272,KOTA SUKABUMI,CRAFT,3980,UNIT,2019
735,32,JAWA BARAT,3272,KOTA SUKABUMI,FASHION,3885,UNIT,2019
736,32,JAWA BARAT,3272,KOTA SUKABUMI,KONVEKSI,2372,UNIT,2019
737,32,JAWA BARAT,3272,KOTA SUKABUMI,KULINER,17130,UNIT,2019
738,32,JAWA BARAT,3272,KOTA SUKABUMI,MAKANAN,12529,UNIT,2019
739,32,JAWA BARAT,3272,KOTA SUKABUMI,MINUMAN,2324,UNIT,2019
740,32,JAWA BARAT,3272,KOTA SUKABUMI,JASA/LAINNYA,5413,UNIT,2019
741,32,JAWA BARAT,3273,KOTA BANDUNG,AKSESORIS,959,UNIT,2019
742,32,JAWA BARAT,3273,KOTA BANDUNG,BATIK,959,UNIT,2019
743,32,JAWA BARAT,3273,KOTA BANDUNG,BORDIR,137,UNIT,2019
744,32,JAWA BARAT,3273,KOTA BANDUNG,CRAFT,34238,UNIT,2019
745,32,JAWA BARAT,3273,KOTA BANDUNG,FASHION,33416,UNIT,2019
746,32,JAWA BARAT,3273,KOTA BANDUNG,KONVEKSI,20406,UNIT,2019
747,32,JAWA BARAT,3273,KOTA BANDUNG,KULINER,147359,UNIT,2019
748,32,JAWA BARAT,3273,KOTA BANDUNG,MAKANAN,107780,UNIT,2019
749,32,JAWA BARAT,3273,KOTA BANDUNG,MINUMAN,19995,UNIT,2019
750,32,JAWA BARAT,3273,KOTA BANDUNG,JASA/LAINNYA,46563,UNIT,2019
751,32,JAWA BARAT,3274,KOTA CIREBON,AKSESORIS,112,UNIT,2019
752,32,JAWA BARAT,3274,KOTA CIREBON,BATIK,112,UNIT,2019
753,32,JAWA BARAT,3274,KOTA CIREBON,BORDIR,16,UNIT,2019
754,32,JAWA BARAT,3274,KOTA CIREBON,CRAFT,4004,UNIT,2019
755,32,JAWA BARAT,3274,KOTA CIREBON,FASHION,3908,UNIT,2019
756,32,JAWA BARAT,3274,KOTA CIREBON,KONVEKSI,2386,UNIT,2019
757,32,JAWA BARAT,3274,KOTA CIREBON,KULINER,17234,UNIT,2019
758,32,JAWA BARAT,3274,KOTA CIREBON,MAKANAN,12605,UNIT,2019
759,32,JAWA BARAT,3274,KOTA CIREBON,MINUMAN,2338,UNIT,2019
760,32,JAWA BARAT,3274,KOTA CIREBON,JASA/LAINNYA,5446,UNIT,2019
761,32,JAWA BARAT,3275,KOTA BEKASI,AKSESORIS,566,UNIT,2019
762,32,JAWA BARAT,3275,KOTA BEKASI,BATIK,566,UNIT,2019
763,32,JAWA BARAT,3275,KOTA BEKASI,BORDIR,81,UNIT,2019
764,32,JAWA BARAT,3275,KOTA BEKASI,CRAFT,20213,UNIT,2019
765,32,JAWA BARAT,3275,KOTA BEKASI,FASHION,19728,UNIT,2019
766,32,JAWA BARAT,3275,KOTA BEKASI,KONVEKSI,12047,UNIT,2019
767,32,JAWA BARAT,3275,KOTA BEKASI,KULINER,86998,UNIT,2019
768,32,JAWA BARAT,3275,KOTA BEKASI,MAKANAN,63632,UNIT,2019
769,32,JAWA BARAT,3275,KOTA BEKASI,MINUMAN,11805,UNIT,2019
770,32,JAWA BARAT,3275,KOTA BEKASI,JASA/LAINNYA,27490,UNIT,2019
771,32,JAWA BARAT,3276,KOTA DEPOK,AKSESORIS,453,UNIT,2019
772,32,JAWA BARAT,3276,KOTA DEPOK,BATIK,453,UNIT,2019
773,32,JAWA BARAT,3276,KOTA DEPOK,BORDIR,65,UNIT,2019
774,32,JAWA BARAT,3276,KOTA DEPOK,CRAFT,16165,UNIT,2019
775,32,JAWA BARAT,3276,KOTA DEPOK,FASHION,15777,UNIT,2019
776,32,JAWA BARAT,3276,KOTA DEPOK,KONVEKSI,9634,UNIT,2019
777,32,JAWA BARAT,3276,KOTA DEPOK,KULINER,69574,UNIT,2019
778,32,JAWA BARAT,3276,KOTA DEPOK,MAKANAN,50888,UNIT,2019
779,32,JAWA BARAT,3276,KOTA DEPOK,MINUMAN,9440,UNIT,2019
780,32,JAWA BARAT,3276,KOTA DEPOK,JASA/LAINNYA,21984,UNIT,2019
781,32,JAWA BARAT,3277,KOTA CIMAHI,AKSESORIS,159,UNIT,2019
782,32,JAWA BARAT,3277,KOTA CIMAHI,BATIK,159,UNIT,2019
783,32,JAWA BARAT,3277,KOTA CIMAHI,BORDIR,23,UNIT,2019
784,32,JAWA BARAT,3277,KOTA CIMAHI,CRAFT,5665,UNIT,2019
785,32,JAWA BARAT,3277,KOTA CIMAHI,FASHION,5529,UNIT,2019
786,32,JAWA BARAT,3277,KOTA CIMAHI,KONVEKSI,3376,UNIT,2019
787,32,JAWA BARAT,3277,KOTA CIMAHI,KULINER,24383,UNIT,2019
788,32,JAWA BARAT,3277,KOTA CIMAHI,MAKANAN,17834,UNIT,2019
789,32,JAWA BARAT,3277,KOTA CIMAHI,MINUMAN,3308,UNIT,2019
790,32,JAWA BARAT,3277,KOTA CIMAHI,JASA/LAINNYA,7705,UNIT,2019
791,32,JAWA BARAT,3278,KOTA TASIKMALAYA,AKSESORIS,254,UNIT,2019
792,32,JAWA BARAT,3278,KOTA TASIKMALAYA,BATIK,254,UNIT,2019
793,32,JAWA BARAT,3278,KOTA TASIKMALAYA,BORDIR,36,UNIT,2019
794,32,JAWA BARAT,3278,KOTA TASIKMALAYA,CRAFT,9070,UNIT,2019
795,32,JAWA BARAT,3278,KOTA TASIKMALAYA,FASHION,8852,UNIT,2019
796,32,JAWA BARAT,3278,KOTA TASIKMALAYA,KONVEKSI,5406,UNIT,2019
797,32,JAWA BARAT,3278,KOTA TASIKMALAYA,KULINER,39037,UNIT,2019
798,32,JAWA BARAT,3278,KOTA TASIKMALAYA,MAKANAN,28552,UNIT,2019
799,32,JAWA BARAT,3278,KOTA TASIKMALAYA,MINUMAN,5297,UNIT,2019
800,32,JAWA BARAT,3278,KOTA TASIKMALAYA,JASA/LAINNYA,12335,UNIT,2019
801,32,JAWA BARAT,3279,KOTA BANJAR,AKSESORIS,72,UNIT,2019
802,32,JAWA BARAT,3279,KOTA BANJAR,BATIK,72,UNIT,2019
803,32,JAWA BARAT,3279,KOTA BANJAR,BORDIR,10,UNIT,2019
804,32,JAWA BARAT,3279,KOTA BANJAR,CRAFT,2578,UNIT,2019
805,32,JAWA BARAT,3279,KOTA BANJAR,FASHION,2516,UNIT,2019
806,32,JAWA BARAT,3279,KOTA BANJAR,KONVEKSI,1536,UNIT,2019
807,32,JAWA BARAT,3279,KOTA BANJAR,KULINER,11095,UNIT,2019
808,32,JAWA BARAT,3279,KOTA BANJAR,MAKANAN,8115,UNIT,2019
809,32,JAWA BARAT,3279,KOTA BANJAR,MINUMAN,1505,UNIT,2019
810,32,JAWA BARAT,3279,KOTA BANJAR,JASA/LAINNYA,3506,UNIT,2019
811,32,JAWA BARAT,3201,KABUPATEN BOGOR,AKSESORIS,1110,UNIT,2020
812,32,JAWA BARAT,3201,KABUPATEN BOGOR,BATIK,1110,UNIT,2020
813,32,JAWA BARAT,3201,KABUPATEN BOGOR,BORDIR,159,UNIT,2020
814,32,JAWA BARAT,3201,KABUPATEN BOGOR,CRAFT,39644,UNIT,2020
815,32,JAWA BARAT,3201,KABUPATEN BOGOR,FASHION,38693,UNIT,2020
816,32,JAWA BARAT,3201,KABUPATEN BOGOR,KONVEKSI,23628,UNIT,2020
817,32,JAWA BARAT,3201,KABUPATEN BOGOR,KULINER,170630,UNIT,2020
818,32,JAWA BARAT,3201,KABUPATEN BOGOR,MAKANAN,124801,UNIT,2020
819,32,JAWA BARAT,3201,KABUPATEN BOGOR,MINUMAN,23152,UNIT,2020
820,32,JAWA BARAT,3201,KABUPATEN BOGOR,JASA/LAINNYA,53916,UNIT,2020
821,32,JAWA BARAT,3202,KABUPATEN SUKABUMI,AKSESORIS,796,UNIT,2020
822,32,JAWA BARAT,3202,KABUPATEN SUKABUMI,BATIK,796,UNIT,2020
823,32,JAWA BARAT,3202,KABUPATEN SUKABUMI,BORDIR,114,UNIT,2020
824,32,JAWA BARAT,3202,KABUPATEN SUKABUMI,CRAFT,28435,UNIT,2020
825,32,JAWA BARAT,3202,KABUPATEN SUKABUMI,FASHION,27752,UNIT,2020
826,32,JAWA BARAT,3202,KABUPATEN SUKABUMI,KONVEKSI,16947,UNIT,2020
827,32,JAWA BARAT,3202,KABUPATEN SUKABUMI,KULINER,122384,UNIT,2020
828,32,JAWA BARAT,3202,KABUPATEN SUKABUMI,MAKANAN,89513,UNIT,2020
829,32,JAWA BARAT,3202,KABUPATEN SUKABUMI,MINUMAN,16606,UNIT,2020
830,32,JAWA BARAT,3202,KABUPATEN SUKABUMI,JASA/LAINNYA,38671,UNIT,2020
831,32,JAWA BARAT,3203,KABUPATEN CIANJUR,AKSESORIS,742,UNIT,2020
832,32,JAWA BARAT,3203,KABUPATEN CIANJUR,BATIK,742,UNIT,2020
833,32,JAWA BARAT,3203,KABUPATEN CIANJUR,BORDIR,106,UNIT,2020
834,32,JAWA BARAT,3203,KABUPATEN CIANJUR,CRAFT,26512,UNIT,2020
835,32,JAWA BARAT,3203,KABUPATEN CIANJUR,FASHION,25875,UNIT,2020
836,32,JAWA BARAT,3203,KABUPATEN CIANJUR,KONVEKSI,15801,UNIT,2020
837,32,JAWA BARAT,3203,KABUPATEN CIANJUR,KULINER,114106,UNIT,2020
838,32,JAWA BARAT,3203,KABUPATEN CIANJUR,MAKANAN,83459,UNIT,2020
839,32,JAWA BARAT,3203,KABUPATEN CIANJUR,MINUMAN,15483,UNIT,2020
840,32,JAWA BARAT,3203,KABUPATEN CIANJUR,JASA/LAINNYA,36056,UNIT,2020
841,32,JAWA BARAT,3204,KABUPATEN BANDUNG,AKSESORIS,1046,UNIT,2020
842,32,JAWA BARAT,3204,KABUPATEN BANDUNG,BATIK,1046,UNIT,2020
843,32,JAWA BARAT,3204,KABUPATEN BANDUNG,BORDIR,149,UNIT,2020
844,32,JAWA BARAT,3204,KABUPATEN BANDUNG,CRAFT,37343,UNIT,2020
845,32,JAWA BARAT,3204,KABUPATEN BANDUNG,FASHION,36447,UNIT,2020
846,32,JAWA BARAT,3204,KABUPATEN BANDUNG,KONVEKSI,22257,UNIT,2020
847,32,JAWA BARAT,3204,KABUPATEN BANDUNG,KULINER,160725,UNIT,2020
848,32,JAWA BARAT,3204,KABUPATEN BANDUNG,MAKANAN,117556,UNIT,2020
849,32,JAWA BARAT,3204,KABUPATEN BANDUNG,MINUMAN,21808,UNIT,2020
850,32,JAWA BARAT,3204,KABUPATEN BANDUNG,JASA/LAINNYA,50787,UNIT,2020
851,32,JAWA BARAT,3205,KABUPATEN GARUT,AKSESORIS,767,UNIT,2020
852,32,JAWA BARAT,3205,KABUPATEN GARUT,BATIK,767,UNIT,2020
853,32,JAWA BARAT,3205,KABUPATEN GARUT,BORDIR,110,UNIT,2020
854,32,JAWA BARAT,3205,KABUPATEN GARUT,CRAFT,27393,UNIT,2020
855,32,JAWA BARAT,3205,KABUPATEN GARUT,FASHION,26735,UNIT,2020
856,32,JAWA BARAT,3205,KABUPATEN GARUT,KONVEKSI,16326,UNIT,2020
857,32,JAWA BARAT,3205,KABUPATEN GARUT,KULINER,117897,UNIT,2020
858,32,JAWA BARAT,3205,KABUPATEN GARUT,MAKANAN,86232,UNIT,2020
859,32,JAWA BARAT,3205,KABUPATEN GARUT,MINUMAN,15997,UNIT,2020
860,32,JAWA BARAT,3205,KABUPATEN GARUT,JASA/LAINNYA,37254,UNIT,2020
861,32,JAWA BARAT,3206,KABUPATEN TASIKMALAYA,AKSESORIS,557,UNIT,2020
862,32,JAWA BARAT,3206,KABUPATEN TASIKMALAYA,BATIK,557,UNIT,2020
863,32,JAWA BARAT,3206,KABUPATEN TASIKMALAYA,BORDIR,80,UNIT,2020
864,32,JAWA BARAT,3206,KABUPATEN TASIKMALAYA,CRAFT,19880,UNIT,2020
865,32,JAWA BARAT,3206,KABUPATEN TASIKMALAYA,FASHION,19403,UNIT,2020
866,32,JAWA BARAT,3206,KABUPATEN TASIKMALAYA,KONVEKSI,11848,UNIT,2020
867,32,JAWA BARAT,3206,KABUPATEN TASIKMALAYA,KULINER,85562,UNIT,2020
868,32,JAWA BARAT,3206,KABUPATEN TASIKMALAYA,MAKANAN,62581,UNIT,2020
869,32,JAWA BARAT,3206,KABUPATEN TASIKMALAYA,MINUMAN,11610,UNIT,2020
870,32,JAWA BARAT,3206,KABUPATEN TASIKMALAYA,JASA/LAINNYA,27036,UNIT,2020
871,32,JAWA BARAT,3207,KABUPATEN CIAMIS,AKSESORIS,414,UNIT,2020
872,32,JAWA BARAT,3207,KABUPATEN CIAMIS,BATIK,414,UNIT,2020
873,32,JAWA BARAT,3207,KABUPATEN CIAMIS,BORDIR,59,UNIT,2020
874,32,JAWA BARAT,3207,KABUPATEN CIAMIS,CRAFT,14769,UNIT,2020
875,32,JAWA BARAT,3207,KABUPATEN CIAMIS,FASHION,14415,UNIT,2020
876,32,JAWA BARAT,3207,KABUPATEN CIAMIS,KONVEKSI,8802,UNIT,2020
877,32,JAWA BARAT,3207,KABUPATEN CIAMIS,KULINER,63566,UNIT,2020
878,32,JAWA BARAT,3207,KABUPATEN CIAMIS,MAKANAN,46493,UNIT,2020
879,32,JAWA BARAT,3207,KABUPATEN CIAMIS,MINUMAN,8625,UNIT,2020
880,32,JAWA BARAT,3207,KABUPATEN CIAMIS,JASA/LAINNYA,20086,UNIT,2020
881,32,JAWA BARAT,3208,KABUPATEN KUNINGAN,AKSESORIS,281,UNIT,2020
882,32,JAWA BARAT,3208,KABUPATEN KUNINGAN,BATIK,281,UNIT,2020
883,32,JAWA BARAT,3208,KABUPATEN KUNINGAN,BORDIR,40,UNIT,2020
884,32,JAWA BARAT,3208,KABUPATEN KUNINGAN,CRAFT,10030,UNIT,2020
885,32,JAWA BARAT,3208,KABUPATEN KUNINGAN,FASHION,9789,UNIT,2020
886,32,JAWA BARAT,3208,KABUPATEN KUNINGAN,KONVEKSI,5978,UNIT,2020
887,32,JAWA BARAT,3208,KABUPATEN KUNINGAN,KULINER,43168,UNIT,2020
888,32,JAWA BARAT,3208,KABUPATEN KUNINGAN,MAKANAN,31574,UNIT,2020
889,32,JAWA BARAT,3208,KABUPATEN KUNINGAN,MINUMAN,5857,UNIT,2020
890,32,JAWA BARAT,3208,KABUPATEN KUNINGAN,JASA/LAINNYA,13641,UNIT,2020
891,32,JAWA BARAT,3209,KABUPATEN CIREBON,AKSESORIS,748,UNIT,2020
892,32,JAWA BARAT,3209,KABUPATEN CIREBON,BATIK,748,UNIT,2020
893,32,JAWA BARAT,3209,KABUPATEN CIREBON,BORDIR,107,UNIT,2020
894,32,JAWA BARAT,3209,KABUPATEN CIREBON,CRAFT,26702,UNIT,2020
895,32,JAWA BARAT,3209,KABUPATEN CIREBON,FASHION,26061,UNIT,2020
896,32,JAWA BARAT,3209,KABUPATEN CIREBON,KONVEKSI,15914,UNIT,2020
897,32,JAWA BARAT,3209,KABUPATEN CIREBON,KULINER,114923,UNIT,2020
898,32,JAWA BARAT,3209,KABUPATEN CIREBON,MAKANAN,84056,UNIT,2020
899,32,JAWA BARAT,3209,KABUPATEN CIREBON,MINUMAN,15594,UNIT,2020
900,32,JAWA BARAT,3209,KABUPATEN CIREBON,JASA/LAINNYA,36314,UNIT,2020
901,32,JAWA BARAT,3210,KABUPATEN MAJALENGKA,AKSESORIS,464,UNIT,2020
902,32,JAWA BARAT,3210,KABUPATEN MAJALENGKA,BATIK,464,UNIT,2020
903,32,JAWA BARAT,3210,KABUPATEN MAJALENGKA,BORDIR,66,UNIT,2020
904,32,JAWA BARAT,3210,KABUPATEN MAJALENGKA,CRAFT,16579,UNIT,2020
905,32,JAWA BARAT,3210,KABUPATEN MAJALENGKA,FASHION,16181,UNIT,2020
906,32,JAWA BARAT,3210,KABUPATEN MAJALENGKA,KONVEKSI,9881,UNIT,2020
907,32,JAWA BARAT,3210,KABUPATEN MAJALENGKA,KULINER,71356,UNIT,2020
908,32,JAWA BARAT,3210,KABUPATEN MAJALENGKA,MAKANAN,52190,UNIT,2020
909,32,JAWA BARAT,3210,KABUPATEN MAJALENGKA,MINUMAN,9682,UNIT,2020
910,32,JAWA BARAT,3210,KABUPATEN MAJALENGKA,JASA/LAINNYA,22547,UNIT,2020
911,32,JAWA BARAT,3211,KABUPATEN SUMEDANG,AKSESORIS,344,UNIT,2020
912,32,JAWA BARAT,3211,KABUPATEN SUMEDANG,BATIK,344,UNIT,2020
913,32,JAWA BARAT,3211,KABUPATEN SUMEDANG,BORDIR,49,UNIT,2020
914,32,JAWA BARAT,3211,KABUPATEN SUMEDANG,CRAFT,12283,UNIT,2020
915,32,JAWA BARAT,3211,KABUPATEN SUMEDANG,FASHION,11988,UNIT,2020
916,32,JAWA BARAT,3211,KABUPATEN SUMEDANG,KONVEKSI,7321,UNIT,2020
917,32,JAWA BARAT,3211,KABUPATEN SUMEDANG,KULINER,52867,UNIT,2020
918,32,JAWA BARAT,3211,KABUPATEN SUMEDANG,MAKANAN,38668,UNIT,2020
919,32,JAWA BARAT,3211,KABUPATEN SUMEDANG,MINUMAN,7173,UNIT,2020
920,32,JAWA BARAT,3211,KABUPATEN SUMEDANG,JASA/LAINNYA,16705,UNIT,2020
921,32,JAWA BARAT,3212,KABUPATEN INDRAMAYU,AKSESORIS,565,UNIT,2020
922,32,JAWA BARAT,3212,KABUPATEN INDRAMAYU,BATIK,565,UNIT,2020
923,32,JAWA BARAT,3212,KABUPATEN INDRAMAYU,BORDIR,81,UNIT,2020
924,32,JAWA BARAT,3212,KABUPATEN INDRAMAYU,CRAFT,20195,UNIT,2020
925,32,JAWA BARAT,3212,KABUPATEN INDRAMAYU,FASHION,19710,UNIT,2020
926,32,JAWA BARAT,3212,KABUPATEN INDRAMAYU,KONVEKSI,12036,UNIT,2020
927,32,JAWA BARAT,3212,KABUPATEN INDRAMAYU,KULINER,86917,UNIT,2020
928,32,JAWA BARAT,3212,KABUPATEN INDRAMAYU,MAKANAN,63572,UNIT,2020
929,32,JAWA BARAT,3212,KABUPATEN INDRAMAYU,MINUMAN,11794,UNIT,2020
930,32,JAWA BARAT,3212,KABUPATEN INDRAMAYU,JASA/LAINNYA,27465,UNIT,2020
931,32,JAWA BARAT,3213,KABUPATEN SUBANG,AKSESORIS,502,UNIT,2020
932,32,JAWA BARAT,3213,KABUPATEN SUBANG,BATIK,502,UNIT,2020
933,32,JAWA BARAT,3213,KABUPATEN SUBANG,BORDIR,72,UNIT,2020
934,32,JAWA BARAT,3213,KABUPATEN SUBANG,CRAFT,17946,UNIT,2020
935,32,JAWA BARAT,3213,KABUPATEN SUBANG,FASHION,17516,UNIT,2020
936,32,JAWA BARAT,3213,KABUPATEN SUBANG,KONVEKSI,10696,UNIT,2020
937,32,JAWA BARAT,3213,KABUPATEN SUBANG,KULINER,77241,UNIT,2020
938,32,JAWA BARAT,3213,KABUPATEN SUBANG,MAKANAN,56495,UNIT,2020
939,32,JAWA BARAT,3213,KABUPATEN SUBANG,MINUMAN,10481,UNIT,2020
940,32,JAWA BARAT,3213,KABUPATEN SUBANG,JASA/LAINNYA,24407,UNIT,2020
941,32,JAWA BARAT,3214,KABUPATEN PURWAKARTA,AKSESORIS,258,UNIT,2020
942,32,JAWA BARAT,3214,KABUPATEN PURWAKARTA,BATIK,258,UNIT,2020
943,32,JAWA BARAT,3214,KABUPATEN PURWAKARTA,BORDIR,37,UNIT,2020
944,32,JAWA BARAT,3214,KABUPATEN PURWAKARTA,CRAFT,9222,UNIT,2020
945,32,JAWA BARAT,3214,KABUPATEN PURWAKARTA,FASHION,9001,UNIT,2020
946,32,JAWA BARAT,3214,KABUPATEN PURWAKARTA,KONVEKSI,5497,UNIT,2020
947,32,JAWA BARAT,3214,KABUPATEN PURWAKARTA,KULINER,39693,UNIT,2020
948,32,JAWA BARAT,3214,KABUPATEN PURWAKARTA,MAKANAN,29032,UNIT,2020
949,32,JAWA BARAT,3214,KABUPATEN PURWAKARTA,MINUMAN,5386,UNIT,2020
950,32,JAWA BARAT,3214,KABUPATEN PURWAKARTA,JASA/LAINNYA,12542,UNIT,2020
951,32,JAWA BARAT,3215,KABUPATEN KARAWANG,AKSESORIS,691,UNIT,2020
952,32,JAWA BARAT,3215,KABUPATEN KARAWANG,BATIK,691,UNIT,2020
953,32,JAWA BARAT,3215,KABUPATEN KARAWANG,BORDIR,99,UNIT,2020
954,32,JAWA BARAT,3215,KABUPATEN KARAWANG,CRAFT,24693,UNIT,2020
955,32,JAWA BARAT,3215,KABUPATEN KARAWANG,FASHION,24101,UNIT,2020
956,32,JAWA BARAT,3215,KABUPATEN KARAWANG,KONVEKSI,14717,UNIT,2020
957,32,JAWA BARAT,3215,KABUPATEN KARAWANG,KULINER,106280,UNIT,2020
958,32,JAWA BARAT,3215,KABUPATEN KARAWANG,MAKANAN,77735,UNIT,2020
959,32,JAWA BARAT,3215,KABUPATEN KARAWANG,MINUMAN,14421,UNIT,2020
960,32,JAWA BARAT,3215,KABUPATEN KARAWANG,JASA/LAINNYA,33583,UNIT,2020
961,32,JAWA BARAT,3216,KABUPATEN BEKASI,AKSESORIS,684,UNIT,2020
962,32,JAWA BARAT,3216,KABUPATEN BEKASI,BATIK,684,UNIT,2020
963,32,JAWA BARAT,3216,KABUPATEN BEKASI,BORDIR,98,UNIT,2020
964,32,JAWA BARAT,3216,KABUPATEN BEKASI,CRAFT,24422,UNIT,2020
965,32,JAWA BARAT,3216,KABUPATEN BEKASI,FASHION,23836,UNIT,2020
966,32,JAWA BARAT,3216,KABUPATEN BEKASI,KONVEKSI,14556,UNIT,2020
967,32,JAWA BARAT,3216,KABUPATEN BEKASI,KULINER,105114,UNIT,2020
968,32,JAWA BARAT,3216,KABUPATEN BEKASI,MAKANAN,76881,UNIT,2020
969,32,JAWA BARAT,3216,KABUPATEN BEKASI,MINUMAN,14263,UNIT,2020
970,32,JAWA BARAT,3216,KABUPATEN BEKASI,JASA/LAINNYA,33214,UNIT,2020
971,32,JAWA BARAT,3217,KABUPATEN BANDUNG BARAT,AKSESORIS,463,UNIT,2020
972,32,JAWA BARAT,3217,KABUPATEN BANDUNG BARAT,BATIK,463,UNIT,2020
973,32,JAWA BARAT,3217,KABUPATEN BANDUNG BARAT,BORDIR,66,UNIT,2020
974,32,JAWA BARAT,3217,KABUPATEN BANDUNG BARAT,CRAFT,16520,UNIT,2020
975,32,JAWA BARAT,3217,KABUPATEN BANDUNG BARAT,FASHION,16124,UNIT,2020
976,32,JAWA BARAT,3217,KABUPATEN BANDUNG BARAT,KONVEKSI,9846,UNIT,2020
977,32,JAWA BARAT,3217,KABUPATEN BANDUNG BARAT,KULINER,71103,UNIT,2020
978,32,JAWA BARAT,3217,KABUPATEN BANDUNG BARAT,MAKANAN,52006,UNIT,2020
979,32,JAWA BARAT,3217,KABUPATEN BANDUNG BARAT,MINUMAN,9648,UNIT,2020
980,32,JAWA BARAT,3217,KABUPATEN BANDUNG BARAT,JASA/LAINNYA,22468,UNIT,2020
981,32,JAWA BARAT,3218,KABUPATEN PANGANDARAN,AKSESORIS,178,UNIT,2020
982,32,JAWA BARAT,3218,KABUPATEN PANGANDARAN,BATIK,178,UNIT,2020
983,32,JAWA BARAT,3218,KABUPATEN PANGANDARAN,BORDIR,25,UNIT,2020
984,32,JAWA BARAT,3218,KABUPATEN PANGANDARAN,CRAFT,6373,UNIT,2020
985,32,JAWA BARAT,3218,KABUPATEN PANGANDARAN,FASHION,6220,UNIT,2020
986,32,JAWA BARAT,3218,KABUPATEN PANGANDARAN,KONVEKSI,3798,UNIT,2020
987,32,JAWA BARAT,3218,KABUPATEN PANGANDARAN,KULINER,27431,UNIT,2020
988,32,JAWA BARAT,3218,KABUPATEN PANGANDARAN,MAKANAN,20063,UNIT,2020
989,32,JAWA BARAT,3218,KABUPATEN PANGANDARAN,MINUMAN,3722,UNIT,2020
990,32,JAWA BARAT,3218,KABUPATEN PANGANDARAN,JASA/LAINNYA,8668,UNIT,2020
991,32,JAWA BARAT,3271,KOTA BOGOR,AKSESORIS,256,UNIT,2020
992,32,JAWA BARAT,3271,KOTA BOGOR,BATIK,256,UNIT,2020
993,32,JAWA BARAT,3271,KOTA BOGOR,BORDIR,37,UNIT,2020
994,32,JAWA BARAT,3271,KOTA BOGOR,CRAFT,9134,UNIT,2020
995,32,JAWA BARAT,3271,KOTA BOGOR,FASHION,8914,UNIT,2020
996,32,JAWA BARAT,3271,KOTA BOGOR,KONVEKSI,5444,UNIT,2020
997,32,JAWA BARAT,3271,KOTA BOGOR,KULINER,39311,UNIT,2020
998,32,JAWA BARAT,3271,KOTA BOGOR,MAKANAN,28752,UNIT,2020
999,32,JAWA BARAT,3271,KOTA BOGOR,MINUMAN,5334,UNIT,2020
1000,32,JAWA BARAT,3271,KOTA BOGOR,JASA/LAINNYA,12422,UNIT,2020
1001,32,JAWA BARAT,3272,KOTA SUKABUMI,AKSESORIS,118,UNIT,2020
1002,32,JAWA BARAT,3272,KOTA SUKABUMI,BATIK,118,UNIT,2020
1003,32,JAWA BARAT,3272,KOTA SUKABUMI,BORDIR,17,UNIT,2020
1004,32,JAWA BARAT,3272,KOTA SUKABUMI,CRAFT,4226,UNIT,2020
1005,32,JAWA BARAT,3272,KOTA SUKABUMI,FASHION,4125,UNIT,2020
1006,32,JAWA BARAT,3272,KOTA SUKABUMI,KONVEKSI,2519,UNIT,2020
1007,32,JAWA BARAT,3272,KOTA SUKABUMI,KULINER,18190,UNIT,2020
1008,32,JAWA BARAT,3272,KOTA SUKABUMI,MAKANAN,13304,UNIT,2020
1009,32,JAWA BARAT,3272,KOTA SUKABUMI,MINUMAN,2468,UNIT,2020
1010,32,JAWA BARAT,3272,KOTA SUKABUMI,JASA/LAINNYA,5748,UNIT,2020
1011,32,JAWA BARAT,3273,KOTA BANDUNG,AKSESORIS,1018,UNIT,2020
1012,32,JAWA BARAT,3273,KOTA BANDUNG,BATIK,1018,UNIT,2020
1013,32,JAWA BARAT,3273,KOTA BANDUNG,BORDIR,145,UNIT,2020
1014,32,JAWA BARAT,3273,KOTA BANDUNG,CRAFT,36356,UNIT,2020
1015,32,JAWA BARAT,3273,KOTA BANDUNG,FASHION,35483,UNIT,2020
1016,32,JAWA BARAT,3273,KOTA BANDUNG,KONVEKSI,21668,UNIT,2020
1017,32,JAWA BARAT,3273,KOTA BANDUNG,KULINER,156476,UNIT,2020
1018,32,JAWA BARAT,3273,KOTA BANDUNG,MAKANAN,114449,UNIT,2020
1019,32,JAWA BARAT,3273,KOTA BANDUNG,MINUMAN,21232,UNIT,2020
1020,32,JAWA BARAT,3273,KOTA BANDUNG,JASA/LAINNYA,49444,UNIT,2020
1021,32,JAWA BARAT,3274,KOTA CIREBON,AKSESORIS,119,UNIT,2020
1022,32,JAWA BARAT,3274,KOTA CIREBON,BATIK,119,UNIT,2020
1023,32,JAWA BARAT,3274,KOTA CIREBON,BORDIR,17,UNIT,2020
1024,32,JAWA BARAT,3274,KOTA CIREBON,CRAFT,4252,UNIT,2020
1025,32,JAWA BARAT,3274,KOTA CIREBON,FASHION,4150,UNIT,2020
1026,32,JAWA BARAT,3274,KOTA CIREBON,KONVEKSI,2534,UNIT,2020
1027,32,JAWA BARAT,3274,KOTA CIREBON,KULINER,18300,UNIT,2020
1028,32,JAWA BARAT,3274,KOTA CIREBON,MAKANAN,13385,UNIT,2020
1029,32,JAWA BARAT,3274,KOTA CIREBON,MINUMAN,2483,UNIT,2020
1030,32,JAWA BARAT,3274,KOTA CIREBON,JASA/LAINNYA,5783,UNIT,2020
1031,32,JAWA BARAT,3275,KOTA BEKASI,AKSESORIS,601,UNIT,2020
1032,32,JAWA BARAT,3275,KOTA BEKASI,BATIK,601,UNIT,2020
1033,32,JAWA BARAT,3275,KOTA BEKASI,BORDIR,86,UNIT,2020
1034,32,JAWA BARAT,3275,KOTA BEKASI,CRAFT,21464,UNIT,2020
1035,32,JAWA BARAT,3275,KOTA BEKASI,FASHION,20949,UNIT,2020
1036,32,JAWA BARAT,3275,KOTA BEKASI,KONVEKSI,12793,UNIT,2020
1037,32,JAWA BARAT,3275,KOTA BEKASI,KULINER,92381,UNIT,2020
1038,32,JAWA BARAT,3275,KOTA BEKASI,MAKANAN,67569,UNIT,2020
1039,32,JAWA BARAT,3275,KOTA BEKASI,MINUMAN,12535,UNIT,2020
1040,32,JAWA BARAT,3275,KOTA BEKASI,JASA/LAINNYA,29191,UNIT,2020
1041,32,JAWA BARAT,3276,KOTA DEPOK,AKSESORIS,481,UNIT,2020
1042,32,JAWA BARAT,3276,KOTA DEPOK,BATIK,481,UNIT,2020
1043,32,JAWA BARAT,3276,KOTA DEPOK,BORDIR,69,UNIT,2020
1044,32,JAWA BARAT,3276,KOTA DEPOK,CRAFT,17165,UNIT,2020
1045,32,JAWA BARAT,3276,KOTA DEPOK,FASHION,16753,UNIT,2020
1046,32,JAWA BARAT,3276,KOTA DEPOK,KONVEKSI,10230,UNIT,2020
1047,32,JAWA BARAT,3276,KOTA DEPOK,KULINER,73879,UNIT,2020
1048,32,JAWA BARAT,3276,KOTA DEPOK,MAKANAN,54036,UNIT,2020
1049,32,JAWA BARAT,3276,KOTA DEPOK,MINUMAN,10024,UNIT,2020
1050,32,JAWA BARAT,3276,KOTA DEPOK,JASA/LAINNYA,23345,UNIT,2020
1051,32,JAWA BARAT,3277,KOTA CIMAHI,AKSESORIS,168,UNIT,2020
1052,32,JAWA BARAT,3277,KOTA CIMAHI,BATIK,168,UNIT,2020
1053,32,JAWA BARAT,3277,KOTA CIMAHI,BORDIR,24,UNIT,2020
1054,32,JAWA BARAT,3277,KOTA CIMAHI,CRAFT,6016,UNIT,2020
1055,32,JAWA BARAT,3277,KOTA CIMAHI,FASHION,5871,UNIT,2020
1056,32,JAWA BARAT,3277,KOTA CIMAHI,KONVEKSI,3585,UNIT,2020
1057,32,JAWA BARAT,3277,KOTA CIMAHI,KULINER,25891,UNIT,2020
1058,32,JAWA BARAT,3277,KOTA CIMAHI,MAKANAN,18937,UNIT,2020
1059,32,JAWA BARAT,3277,KOTA CIMAHI,MINUMAN,3513,UNIT,2020
1060,32,JAWA BARAT,3277,KOTA CIMAHI,JASA/LAINNYA,8181,UNIT,2020
1061,32,JAWA BARAT,3278,KOTA TASIKMALAYA,AKSESORIS,270,UNIT,2020
1062,32,JAWA BARAT,3278,KOTA TASIKMALAYA,BATIK,270,UNIT,2020
1063,32,JAWA BARAT,3278,KOTA TASIKMALAYA,BORDIR,39,UNIT,2020
1064,32,JAWA BARAT,3278,KOTA TASIKMALAYA,CRAFT,9631,UNIT,2020
1065,32,JAWA BARAT,3278,KOTA TASIKMALAYA,FASHION,9400,UNIT,2020
1066,32,JAWA BARAT,3278,KOTA TASIKMALAYA,KONVEKSI,5740,UNIT,2020
1067,32,JAWA BARAT,3278,KOTA TASIKMALAYA,KULINER,41452,UNIT,2020
1068,32,JAWA BARAT,3278,KOTA TASIKMALAYA,MAKANAN,30319,UNIT,2020
1069,32,JAWA BARAT,3278,KOTA TASIKMALAYA,MINUMAN,5625,UNIT,2020
1070,32,JAWA BARAT,3278,KOTA TASIKMALAYA,JASA/LAINNYA,13098,UNIT,2020
1071,32,JAWA BARAT,3279,KOTA BANJAR,AKSESORIS,77,UNIT,2020
1072,32,JAWA BARAT,3279,KOTA BANJAR,BATIK,77,UNIT,2020
1073,32,JAWA BARAT,3279,KOTA BANJAR,BORDIR,11,UNIT,2020
1074,32,JAWA BARAT,3279,KOTA BANJAR,CRAFT,2737,UNIT,2020
1075,32,JAWA BARAT,3279,KOTA BANJAR,FASHION,2672,UNIT,2020
1076,32,JAWA BARAT,3279,KOTA BANJAR,KONVEKSI,1631,UNIT,2020
1077,32,JAWA BARAT,3279,KOTA BANJAR,KULINER,11782,UNIT,2020
1078,32,JAWA BARAT,3279,KOTA BANJAR,MAKANAN,8617,UNIT,2020
1079,32,JAWA BARAT,3279,KOTA BANJAR,MINUMAN,1599,UNIT,2020
1080,32,JAWA BARAT,3279,KOTA BANJAR,JASA/LAINNYA,3723,UNIT,2020
1081,32,JAWA BARAT,3201,KABUPATEN BOGOR,AKSESORIS,1179,UNIT,2021
1082,32,JAWA BARAT,3201,KABUPATEN BOGOR,BATIK,1179,UNIT,2021
1083,32,JAWA BARAT,3201,KABUPATEN BOGOR,BORDIR,168,UNIT,2021
1084,32,JAWA BARAT,3201,KABUPATEN BOGOR,CRAFT,42097,UNIT,2021
1085,32,JAWA BARAT,3201,KABUPATEN BOGOR,FASHION,41087,UNIT,2021
1086,32,JAWA BARAT,3201,KABUPATEN BOGOR,KONVEKSI,25090,UNIT,2021
1087,32,JAWA BARAT,3201,KABUPATEN BOGOR,KULINER,181187,UNIT,2021
1088,32,JAWA BARAT,3201,KABUPATEN BOGOR,MAKANAN,132523,UNIT,2021
1089,32,JAWA BARAT,3201,KABUPATEN BOGOR,MINUMAN,24585,UNIT,2021
1090,32,JAWA BARAT,3201,KABUPATEN BOGOR,JASA/LAINNYA,57252,UNIT,2021
1091,32,JAWA BARAT,3202,KABUPATEN SUKABUMI,AKSESORIS,845,UNIT,2021
1092,32,JAWA BARAT,3202,KABUPATEN SUKABUMI,BATIK,845,UNIT,2021
1093,32,JAWA BARAT,3202,KABUPATEN SUKABUMI,BORDIR,121,UNIT,2021
1094,32,JAWA BARAT,3202,KABUPATEN SUKABUMI,CRAFT,30194,UNIT,2021
1095,32,JAWA BARAT,3202,KABUPATEN SUKABUMI,FASHION,29470,UNIT,2021
1096,32,JAWA BARAT,3202,KABUPATEN SUKABUMI,KONVEKSI,17996,UNIT,2021
1097,32,JAWA BARAT,3202,KABUPATEN SUKABUMI,KULINER,129956,UNIT,2021
1098,32,JAWA BARAT,3202,KABUPATEN SUKABUMI,MAKANAN,95051,UNIT,2021
1099,32,JAWA BARAT,3202,KABUPATEN SUKABUMI,MINUMAN,17633,UNIT,2021
1100,32,JAWA BARAT,3202,KABUPATEN SUKABUMI,JASA/LAINNYA,41064,UNIT,2021
1101,32,JAWA BARAT,3203,KABUPATEN CIANJUR,AKSESORIS,788,UNIT,2021
1102,32,JAWA BARAT,3203,KABUPATEN CIANJUR,BATIK,788,UNIT,2021
1103,32,JAWA BARAT,3203,KABUPATEN CIANJUR,BORDIR,113,UNIT,2021
1104,32,JAWA BARAT,3203,KABUPATEN CIANJUR,CRAFT,28152,UNIT,2021
1105,32,JAWA BARAT,3203,KABUPATEN CIANJUR,FASHION,27476,UNIT,2021
1106,32,JAWA BARAT,3203,KABUPATEN CIANJUR,KONVEKSI,16779,UNIT,2021
1107,32,JAWA BARAT,3203,KABUPATEN CIANJUR,KULINER,121166,UNIT,2021
1108,32,JAWA BARAT,3203,KABUPATEN CIANJUR,MAKANAN,88623,UNIT,2021
1109,32,JAWA BARAT,3203,KABUPATEN CIANJUR,MINUMAN,16441,UNIT,2021
1110,32,JAWA BARAT,3203,KABUPATEN CIANJUR,JASA/LAINNYA,38287,UNIT,2021
1111,32,JAWA BARAT,3204,KABUPATEN BANDUNG,AKSESORIS,1110,UNIT,2021
1112,32,JAWA BARAT,3204,KABUPATEN BANDUNG,BATIK,1110,UNIT,2021
1113,32,JAWA BARAT,3204,KABUPATEN BANDUNG,BORDIR,159,UNIT,2021
1114,32,JAWA BARAT,3204,KABUPATEN BANDUNG,CRAFT,39654,UNIT,2021
1115,32,JAWA BARAT,3204,KABUPATEN BANDUNG,FASHION,38702,UNIT,2021
1116,32,JAWA BARAT,3204,KABUPATEN BANDUNG,KONVEKSI,23634,UNIT,2021
1117,32,JAWA BARAT,3204,KABUPATEN BANDUNG,KULINER,170669,UNIT,2021
1118,32,JAWA BARAT,3204,KABUPATEN BANDUNG,MAKANAN,124830,UNIT,2021
1119,32,JAWA BARAT,3204,KABUPATEN BANDUNG,MINUMAN,23158,UNIT,2021
1120,32,JAWA BARAT,3204,KABUPATEN BANDUNG,JASA/LAINNYA,53929,UNIT,2021
1121,32,JAWA BARAT,3205,KABUPATEN GARUT,AKSESORIS,814,UNIT,2021
1122,32,JAWA BARAT,3205,KABUPATEN GARUT,BATIK,814,UNIT,2021
1123,32,JAWA BARAT,3205,KABUPATEN GARUT,BORDIR,116,UNIT,2021
1124,32,JAWA BARAT,3205,KABUPATEN GARUT,CRAFT,29087,UNIT,2021
1125,32,JAWA BARAT,3205,KABUPATEN GARUT,FASHION,28389,UNIT,2021
1126,32,JAWA BARAT,3205,KABUPATEN GARUT,KONVEKSI,17336,UNIT,2021
1127,32,JAWA BARAT,3205,KABUPATEN GARUT,KULINER,125192,UNIT,2021
1128,32,JAWA BARAT,3205,KABUPATEN GARUT,MAKANAN,91567,UNIT,2021
1129,32,JAWA BARAT,3205,KABUPATEN GARUT,MINUMAN,16987,UNIT,2021
1130,32,JAWA BARAT,3205,KABUPATEN GARUT,JASA/LAINNYA,39559,UNIT,2021
1131,32,JAWA BARAT,3206,KABUPATEN TASIKMALAYA,AKSESORIS,591,UNIT,2021
1132,32,JAWA BARAT,3206,KABUPATEN TASIKMALAYA,BATIK,591,UNIT,2021
1133,32,JAWA BARAT,3206,KABUPATEN TASIKMALAYA,BORDIR,84,UNIT,2021
1134,32,JAWA BARAT,3206,KABUPATEN TASIKMALAYA,CRAFT,21110,UNIT,2021
1135,32,JAWA BARAT,3206,KABUPATEN TASIKMALAYA,FASHION,20603,UNIT,2021
1136,32,JAWA BARAT,3206,KABUPATEN TASIKMALAYA,KONVEKSI,12581,UNIT,2021
1137,32,JAWA BARAT,3206,KABUPATEN TASIKMALAYA,KULINER,90856,UNIT,2021
1138,32,JAWA BARAT,3206,KABUPATEN TASIKMALAYA,MAKANAN,66453,UNIT,2021
1139,32,JAWA BARAT,3206,KABUPATEN TASIKMALAYA,MINUMAN,12328,UNIT,2021
1140,32,JAWA BARAT,3206,KABUPATEN TASIKMALAYA,JASA/LAINNYA,28709,UNIT,2021
1141,32,JAWA BARAT,3207,KABUPATEN CIAMIS,AKSESORIS,439,UNIT,2021
1142,32,JAWA BARAT,3207,KABUPATEN CIAMIS,BATIK,439,UNIT,2021
1143,32,JAWA BARAT,3207,KABUPATEN CIAMIS,BORDIR,63,UNIT,2021
1144,32,JAWA BARAT,3207,KABUPATEN CIAMIS,CRAFT,15683,UNIT,2021
1145,32,JAWA BARAT,3207,KABUPATEN CIAMIS,FASHION,15306,UNIT,2021
1146,32,JAWA BARAT,3207,KABUPATEN CIAMIS,KONVEKSI,9347,UNIT,2021
1147,32,JAWA BARAT,3207,KABUPATEN CIAMIS,KULINER,67499,UNIT,2021
1148,32,JAWA BARAT,3207,KABUPATEN CIAMIS,MAKANAN,49369,UNIT,2021
1149,32,JAWA BARAT,3207,KABUPATEN CIAMIS,MINUMAN,9159,UNIT,2021
1150,32,JAWA BARAT,3207,KABUPATEN CIAMIS,JASA/LAINNYA,21329,UNIT,2021
1151,32,JAWA BARAT,3208,KABUPATEN KUNINGAN,AKSESORIS,298,UNIT,2021
1152,32,JAWA BARAT,3208,KABUPATEN KUNINGAN,BATIK,298,UNIT,2021
1153,32,JAWA BARAT,3208,KABUPATEN KUNINGAN,BORDIR,43,UNIT,2021
1154,32,JAWA BARAT,3208,KABUPATEN KUNINGAN,CRAFT,10650,UNIT,2021
1155,32,JAWA BARAT,3208,KABUPATEN KUNINGAN,FASHION,10395,UNIT,2021
1156,32,JAWA BARAT,3208,KABUPATEN KUNINGAN,KONVEKSI,6348,UNIT,2021
1157,32,JAWA BARAT,3208,KABUPATEN KUNINGAN,KULINER,45839,UNIT,2021
1158,32,JAWA BARAT,3208,KABUPATEN KUNINGAN,MAKANAN,33527,UNIT,2021
1159,32,JAWA BARAT,3208,KABUPATEN KUNINGAN,MINUMAN,6220,UNIT,2021
1160,32,JAWA BARAT,3208,KABUPATEN KUNINGAN,JASA/LAINNYA,14485,UNIT,2021
1161,32,JAWA BARAT,3209,KABUPATEN CIREBON,AKSESORIS,794,UNIT,2021
1162,32,JAWA BARAT,3209,KABUPATEN CIREBON,BATIK,794,UNIT,2021
1163,32,JAWA BARAT,3209,KABUPATEN CIREBON,BORDIR,113,UNIT,2021
1164,32,JAWA BARAT,3209,KABUPATEN CIREBON,CRAFT,28354,UNIT,2021
1165,32,JAWA BARAT,3209,KABUPATEN CIREBON,FASHION,27673,UNIT,2021
1166,32,JAWA BARAT,3209,KABUPATEN CIREBON,KONVEKSI,16899,UNIT,2021
1167,32,JAWA BARAT,3209,KABUPATEN CIREBON,KULINER,122034,UNIT,2021
1168,32,JAWA BARAT,3209,KABUPATEN CIREBON,MAKANAN,89257,UNIT,2021
1169,32,JAWA BARAT,3209,KABUPATEN CIREBON,MINUMAN,16559,UNIT,2021
1170,32,JAWA BARAT,3209,KABUPATEN CIREBON,JASA/LAINNYA,38561,UNIT,2021
1171,32,JAWA BARAT,3210,KABUPATEN MAJALENGKA,AKSESORIS,493,UNIT,2021
1172,32,JAWA BARAT,3210,KABUPATEN MAJALENGKA,BATIK,493,UNIT,2021
1173,32,JAWA BARAT,3210,KABUPATEN MAJALENGKA,BORDIR,70,UNIT,2021
1174,32,JAWA BARAT,3210,KABUPATEN MAJALENGKA,CRAFT,17605,UNIT,2021
1175,32,JAWA BARAT,3210,KABUPATEN MAJALENGKA,FASHION,17182,UNIT,2021
1176,32,JAWA BARAT,3210,KABUPATEN MAJALENGKA,KONVEKSI,10492,UNIT,2021
1177,32,JAWA BARAT,3210,KABUPATEN MAJALENGKA,KULINER,75770,UNIT,2021
1178,32,JAWA BARAT,3210,KABUPATEN MAJALENGKA,MAKANAN,55419,UNIT,2021
1179,32,JAWA BARAT,3210,KABUPATEN MAJALENGKA,MINUMAN,10281,UNIT,2021
1180,32,JAWA BARAT,3210,KABUPATEN MAJALENGKA,JASA/LAINNYA,23942,UNIT,2021
1181,32,JAWA BARAT,3211,KABUPATEN SUMEDANG,AKSESORIS,365,UNIT,2021
1182,32,JAWA BARAT,3211,KABUPATEN SUMEDANG,BATIK,365,UNIT,2021
1183,32,JAWA BARAT,3211,KABUPATEN SUMEDANG,BORDIR,52,UNIT,2021
1184,32,JAWA BARAT,3211,KABUPATEN SUMEDANG,CRAFT,13043,UNIT,2021
1185,32,JAWA BARAT,3211,KABUPATEN SUMEDANG,FASHION,12730,UNIT,2021
1186,32,JAWA BARAT,3211,KABUPATEN SUMEDANG,KONVEKSI,7774,UNIT,2021
1187,32,JAWA BARAT,3211,KABUPATEN SUMEDANG,KULINER,56138,UNIT,2021
1188,32,JAWA BARAT,3211,KABUPATEN SUMEDANG,MAKANAN,41060,UNIT,2021
1189,32,JAWA BARAT,3211,KABUPATEN SUMEDANG,MINUMAN,7617,UNIT,2021
1190,32,JAWA BARAT,3211,KABUPATEN SUMEDANG,JASA/LAINNYA,17739,UNIT,2021
1191,32,JAWA BARAT,3212,KABUPATEN INDRAMAYU,AKSESORIS,600,UNIT,2021
1192,32,JAWA BARAT,3212,KABUPATEN INDRAMAYU,BATIK,600,UNIT,2021
1193,32,JAWA BARAT,3212,KABUPATEN INDRAMAYU,BORDIR,86,UNIT,2021
1194,32,JAWA BARAT,3212,KABUPATEN INDRAMAYU,CRAFT,21444,UNIT,2021
1195,32,JAWA BARAT,3212,KABUPATEN INDRAMAYU,FASHION,20929,UNIT,2021
1196,32,JAWA BARAT,3212,KABUPATEN INDRAMAYU,KONVEKSI,12781,UNIT,2021
1197,32,JAWA BARAT,3212,KABUPATEN INDRAMAYU,KULINER,92295,UNIT,2021
1198,32,JAWA BARAT,3212,KABUPATEN INDRAMAYU,MAKANAN,67506,UNIT,2021
1199,32,JAWA BARAT,3212,KABUPATEN INDRAMAYU,MINUMAN,12523,UNIT,2021
1200,32,JAWA BARAT,3212,KABUPATEN INDRAMAYU,JASA/LAINNYA,29164,UNIT,2021
1201,32,JAWA BARAT,3213,KABUPATEN SUBANG,AKSESORIS,534,UNIT,2021
1202,32,JAWA BARAT,3213,KABUPATEN SUBANG,BATIK,534,UNIT,2021
1203,32,JAWA BARAT,3213,KABUPATEN SUBANG,BORDIR,76,UNIT,2021
1204,32,JAWA BARAT,3213,KABUPATEN SUBANG,CRAFT,19057,UNIT,2021
1205,32,JAWA BARAT,3213,KABUPATEN SUBANG,FASHION,18599,UNIT,2021
1206,32,JAWA BARAT,3213,KABUPATEN SUBANG,KONVEKSI,11358,UNIT,2021
1207,32,JAWA BARAT,3213,KABUPATEN SUBANG,KULINER,82020,UNIT,2021
1208,32,JAWA BARAT,3213,KABUPATEN SUBANG,MAKANAN,59991,UNIT,2021
1209,32,JAWA BARAT,3213,KABUPATEN SUBANG,MINUMAN,11129,UNIT,2021
1210,32,JAWA BARAT,3213,KABUPATEN SUBANG,JASA/LAINNYA,25917,UNIT,2021
1211,32,JAWA BARAT,3214,KABUPATEN PURWAKARTA,AKSESORIS,274,UNIT,2021
1212,32,JAWA BARAT,3214,KABUPATEN PURWAKARTA,BATIK,274,UNIT,2021
1213,32,JAWA BARAT,3214,KABUPATEN PURWAKARTA,BORDIR,39,UNIT,2021
1214,32,JAWA BARAT,3214,KABUPATEN PURWAKARTA,CRAFT,9793,UNIT,2021
1215,32,JAWA BARAT,3214,KABUPATEN PURWAKARTA,FASHION,9558,UNIT,2021
1216,32,JAWA BARAT,3214,KABUPATEN PURWAKARTA,KONVEKSI,5837,UNIT,2021
1217,32,JAWA BARAT,3214,KABUPATEN PURWAKARTA,KULINER,42149,UNIT,2021
1218,32,JAWA BARAT,3214,KABUPATEN PURWAKARTA,MAKANAN,30828,UNIT,2021
1219,32,JAWA BARAT,3214,KABUPATEN PURWAKARTA,MINUMAN,5719,UNIT,2021
1220,32,JAWA BARAT,3214,KABUPATEN PURWAKARTA,JASA/LAINNYA,13318,UNIT,2021
1221,32,JAWA BARAT,3215,KABUPATEN KARAWANG,AKSESORIS,734,UNIT,2021
1222,32,JAWA BARAT,3215,KABUPATEN KARAWANG,BATIK,734,UNIT,2021
1223,32,JAWA BARAT,3215,KABUPATEN KARAWANG,BORDIR,105,UNIT,2021
1224,32,JAWA BARAT,3215,KABUPATEN KARAWANG,CRAFT,26221,UNIT,2021
1225,32,JAWA BARAT,3215,KABUPATEN KARAWANG,FASHION,25592,UNIT,2021
1226,32,JAWA BARAT,3215,KABUPATEN KARAWANG,KONVEKSI,15628,UNIT,2021
1227,32,JAWA BARAT,3215,KABUPATEN KARAWANG,KULINER,112856,UNIT,2021
1228,32,JAWA BARAT,3215,KABUPATEN KARAWANG,MAKANAN,82544,UNIT,2021
1229,32,JAWA BARAT,3215,KABUPATEN KARAWANG,MINUMAN,15313,UNIT,2021
1230,32,JAWA BARAT,3215,KABUPATEN KARAWANG,JASA/LAINNYA,35661,UNIT,2021
1231,32,JAWA BARAT,3216,KABUPATEN BEKASI,AKSESORIS,726,UNIT,2021
1232,32,JAWA BARAT,3216,KABUPATEN BEKASI,BATIK,726,UNIT,2021
1233,32,JAWA BARAT,3216,KABUPATEN BEKASI,BORDIR,104,UNIT,2021
1234,32,JAWA BARAT,3216,KABUPATEN BEKASI,CRAFT,25933,UNIT,2021
1235,32,JAWA BARAT,3216,KABUPATEN BEKASI,FASHION,25311,UNIT,2021
1236,32,JAWA BARAT,3216,KABUPATEN BEKASI,KONVEKSI,15456,UNIT,2021
1237,32,JAWA BARAT,3216,KABUPATEN BEKASI,KULINER,111617,UNIT,2021
1238,32,JAWA BARAT,3216,KABUPATEN BEKASI,MAKANAN,81638,UNIT,2021
1239,32,JAWA BARAT,3216,KABUPATEN BEKASI,MINUMAN,15145,UNIT,2021
1240,32,JAWA BARAT,3216,KABUPATEN BEKASI,JASA/LAINNYA,35269,UNIT,2021
1241,32,JAWA BARAT,3217,KABUPATEN BANDUNG BARAT,AKSESORIS,491,UNIT,2021
1242,32,JAWA BARAT,3217,KABUPATEN BANDUNG BARAT,BATIK,491,UNIT,2021
1243,32,JAWA BARAT,3217,KABUPATEN BANDUNG BARAT,BORDIR,70,UNIT,2021
1244,32,JAWA BARAT,3217,KABUPATEN BANDUNG BARAT,CRAFT,17542,UNIT,2021
1245,32,JAWA BARAT,3217,KABUPATEN BANDUNG BARAT,FASHION,17121,UNIT,2021
1246,32,JAWA BARAT,3217,KABUPATEN BANDUNG BARAT,KONVEKSI,10455,UNIT,2021
1247,32,JAWA BARAT,3217,KABUPATEN BANDUNG BARAT,KULINER,75503,UNIT,2021
1248,32,JAWA BARAT,3217,KABUPATEN BANDUNG BARAT,MAKANAN,55224,UNIT,2021
1249,32,JAWA BARAT,3217,KABUPATEN BANDUNG BARAT,MINUMAN,10245,UNIT,2021
1250,32,JAWA BARAT,3217,KABUPATEN BANDUNG BARAT,JASA/LAINNYA,23858,UNIT,2021
1251,32,JAWA BARAT,3218,KABUPATEN PANGANDARAN,AKSESORIS,189,UNIT,2021
1252,32,JAWA BARAT,3218,KABUPATEN PANGANDARAN,BATIK,189,UNIT,2021
1253,32,JAWA BARAT,3218,KABUPATEN PANGANDARAN,BORDIR,27,UNIT,2021
1254,32,JAWA BARAT,3218,KABUPATEN PANGANDARAN,CRAFT,6768,UNIT,2021
1255,32,JAWA BARAT,3218,KABUPATEN PANGANDARAN,FASHION,6605,UNIT,2021
1256,32,JAWA BARAT,3218,KABUPATEN PANGANDARAN,KONVEKSI,4033,UNIT,2021
1257,32,JAWA BARAT,3218,KABUPATEN PANGANDARAN,KULINER,29128,UNIT,2021
1258,32,JAWA BARAT,3218,KABUPATEN PANGANDARAN,MAKANAN,21304,UNIT,2021
1259,32,JAWA BARAT,3218,KABUPATEN PANGANDARAN,MINUMAN,3952,UNIT,2021
1260,32,JAWA BARAT,3218,KABUPATEN PANGANDARAN,JASA/LAINNYA,9204,UNIT,2021
1261,32,JAWA BARAT,3271,KOTA BOGOR,AKSESORIS,272,UNIT,2021
1262,32,JAWA BARAT,3271,KOTA BOGOR,BATIK,272,UNIT,2021
1263,32,JAWA BARAT,3271,KOTA BOGOR,BORDIR,39,UNIT,2021
1264,32,JAWA BARAT,3271,KOTA BOGOR,CRAFT,9699,UNIT,2021
1265,32,JAWA BARAT,3271,KOTA BOGOR,FASHION,9466,UNIT,2021
1266,32,JAWA BARAT,3271,KOTA BOGOR,KONVEKSI,5780,UNIT,2021
1267,32,JAWA BARAT,3271,KOTA BOGOR,KULINER,41743,UNIT,2021
1268,32,JAWA BARAT,3271,KOTA BOGOR,MAKANAN,30531,UNIT,2021
1269,32,JAWA BARAT,3271,KOTA BOGOR,MINUMAN,5664,UNIT,2021
1270,32,JAWA BARAT,3271,KOTA BOGOR,JASA/LAINNYA,13190,UNIT,2021
1271,32,JAWA BARAT,3272,KOTA SUKABUMI,AKSESORIS,126,UNIT,2021
1272,32,JAWA BARAT,3272,KOTA SUKABUMI,BATIK,126,UNIT,2021
1273,32,JAWA BARAT,3272,KOTA SUKABUMI,BORDIR,18,UNIT,2021
1274,32,JAWA BARAT,3272,KOTA SUKABUMI,CRAFT,4488,UNIT,2021
1275,32,JAWA BARAT,3272,KOTA SUKABUMI,FASHION,4380,UNIT,2021
1276,32,JAWA BARAT,3272,KOTA SUKABUMI,KONVEKSI,2675,UNIT,2021
1277,32,JAWA BARAT,3272,KOTA SUKABUMI,KULINER,19315,UNIT,2021
1278,32,JAWA BARAT,3272,KOTA SUKABUMI,MAKANAN,14128,UNIT,2021
1279,32,JAWA BARAT,3272,KOTA SUKABUMI,MINUMAN,2621,UNIT,2021
1280,32,JAWA BARAT,3272,KOTA SUKABUMI,JASA/LAINNYA,6103,UNIT,2021
1281,32,JAWA BARAT,3273,KOTA BANDUNG,AKSESORIS,1081,UNIT,2021
1282,32,JAWA BARAT,3273,KOTA BANDUNG,BATIK,1081,UNIT,2021
1283,32,JAWA BARAT,3273,KOTA BANDUNG,BORDIR,154,UNIT,2021
1284,32,JAWA BARAT,3273,KOTA BANDUNG,CRAFT,38605,UNIT,2021
1285,32,JAWA BARAT,3273,KOTA BANDUNG,FASHION,37679,UNIT,2021
1286,32,JAWA BARAT,3273,KOTA BANDUNG,KONVEKSI,23009,UNIT,2021
1287,32,JAWA BARAT,3273,KOTA BANDUNG,KULINER,166158,UNIT,2021
1288,32,JAWA BARAT,3273,KOTA BANDUNG,MAKANAN,121530,UNIT,2021
1289,32,JAWA BARAT,3273,KOTA BANDUNG,MINUMAN,22546,UNIT,2021
1290,32,JAWA BARAT,3273,KOTA BANDUNG,JASA/LAINNYA,52503,UNIT,2021
1291,32,JAWA BARAT,3274,KOTA CIREBON,AKSESORIS,126,UNIT,2021
1292,32,JAWA BARAT,3274,KOTA CIREBON,BATIK,126,UNIT,2021
1293,32,JAWA BARAT,3274,KOTA CIREBON,BORDIR,18,UNIT,2021
1294,32,JAWA BARAT,3274,KOTA CIREBON,CRAFT,4515,UNIT,2021
1295,32,JAWA BARAT,3274,KOTA CIREBON,FASHION,4407,UNIT,2021
1296,32,JAWA BARAT,3274,KOTA CIREBON,KONVEKSI,2691,UNIT,2021
1297,32,JAWA BARAT,3274,KOTA CIREBON,KULINER,19432,UNIT,2021
1298,32,JAWA BARAT,3274,KOTA CIREBON,MAKANAN,14213,UNIT,2021
1299,32,JAWA BARAT,3274,KOTA CIREBON,MINUMAN,2637,UNIT,2021
1300,32,JAWA BARAT,3274,KOTA CIREBON,JASA/LAINNYA,6140,UNIT,2021
1301,32,JAWA BARAT,3275,KOTA BEKASI,AKSESORIS,638,UNIT,2021
1302,32,JAWA BARAT,3275,KOTA BEKASI,BATIK,638,UNIT,2021
1303,32,JAWA BARAT,3275,KOTA BEKASI,BORDIR,91,UNIT,2021
1304,32,JAWA BARAT,3275,KOTA BEKASI,CRAFT,22792,UNIT,2021
1305,32,JAWA BARAT,3275,KOTA BEKASI,FASHION,22245,UNIT,2021
1306,32,JAWA BARAT,3275,KOTA BEKASI,KONVEKSI,13584,UNIT,2021
1307,32,JAWA BARAT,3275,KOTA BEKASI,KULINER,98097,UNIT,2021
1308,32,JAWA BARAT,3275,KOTA BEKASI,MAKANAN,71749,UNIT,2021
1309,32,JAWA BARAT,3275,KOTA BEKASI,MINUMAN,13311,UNIT,2021
1310,32,JAWA BARAT,3275,KOTA BEKASI,JASA/LAINNYA,30997,UNIT,2021
1311,32,JAWA BARAT,3276,KOTA DEPOK,AKSESORIS,510,UNIT,2021
1312,32,JAWA BARAT,3276,KOTA DEPOK,BATIK,510,UNIT,2021
1313,32,JAWA BARAT,3276,KOTA DEPOK,BORDIR,73,UNIT,2021
1314,32,JAWA BARAT,3276,KOTA DEPOK,CRAFT,18227,UNIT,2021
1315,32,JAWA BARAT,3276,KOTA DEPOK,FASHION,17790,UNIT,2021
1316,32,JAWA BARAT,3276,KOTA DEPOK,KONVEKSI,10863,UNIT,2021
1317,32,JAWA BARAT,3276,KOTA DEPOK,KULINER,78450,UNIT,2021
1318,32,JAWA BARAT,3276,KOTA DEPOK,MAKANAN,57380,UNIT,2021
1319,32,JAWA BARAT,3276,KOTA DEPOK,MINUMAN,10645,UNIT,2021
1320,32,JAWA BARAT,3276,KOTA DEPOK,JASA/LAINNYA,24789,UNIT,2021
1321,32,JAWA BARAT,3277,KOTA CIMAHI,AKSESORIS,179,UNIT,2021
1322,32,JAWA BARAT,3277,KOTA CIMAHI,BATIK,179,UNIT,2021
1323,32,JAWA BARAT,3277,KOTA CIMAHI,BORDIR,26,UNIT,2021
1324,32,JAWA BARAT,3277,KOTA CIMAHI,CRAFT,6388,UNIT,2021
1325,32,JAWA BARAT,3277,KOTA CIMAHI,FASHION,6235,UNIT,2021
1326,32,JAWA BARAT,3277,KOTA CIMAHI,KONVEKSI,3807,UNIT,2021
1327,32,JAWA BARAT,3277,KOTA CIMAHI,KULINER,27493,UNIT,2021
1328,32,JAWA BARAT,3277,KOTA CIMAHI,MAKANAN,20109,UNIT,2021
1329,32,JAWA BARAT,3277,KOTA CIMAHI,MINUMAN,3731,UNIT,2021
1330,32,JAWA BARAT,3277,KOTA CIMAHI,JASA/LAINNYA,8688,UNIT,2021
1331,32,JAWA BARAT,3278,KOTA TASIKMALAYA,AKSESORIS,286,UNIT,2021
1332,32,JAWA BARAT,3278,KOTA TASIKMALAYA,BATIK,286,UNIT,2021
1333,32,JAWA BARAT,3278,KOTA TASIKMALAYA,BORDIR,41,UNIT,2021
1334,32,JAWA BARAT,3278,KOTA TASIKMALAYA,CRAFT,10227,UNIT,2021
1335,32,JAWA BARAT,3278,KOTA TASIKMALAYA,FASHION,9982,UNIT,2021
1336,32,JAWA BARAT,3278,KOTA TASIKMALAYA,KONVEKSI,6095,UNIT,2021
1337,32,JAWA BARAT,3278,KOTA TASIKMALAYA,KULINER,44017,UNIT,2021
1338,32,JAWA BARAT,3278,KOTA TASIKMALAYA,MAKANAN,32195,UNIT,2021
1339,32,JAWA BARAT,3278,KOTA TASIKMALAYA,MINUMAN,5973,UNIT,2021
1340,32,JAWA BARAT,3278,KOTA TASIKMALAYA,JASA/LAINNYA,13909,UNIT,2021
1341,32,JAWA BARAT,3279,KOTA BANJAR,AKSESORIS,81,UNIT,2021
1342,32,JAWA BARAT,3279,KOTA BANJAR,BATIK,81,UNIT,2021
1343,32,JAWA BARAT,3279,KOTA BANJAR,BORDIR,12,UNIT,2021
1344,32,JAWA BARAT,3279,KOTA BANJAR,CRAFT,2907,UNIT,2021
1345,32,JAWA BARAT,3279,KOTA BANJAR,FASHION,2837,UNIT,2021
1346,32,JAWA BARAT,3279,KOTA BANJAR,KONVEKSI,1732,UNIT,2021
1347,32,JAWA BARAT,3279,KOTA BANJAR,KULINER,12510,UNIT,2021
1348,32,JAWA BARAT,3279,KOTA BANJAR,MAKANAN,9150,UNIT,2021
1349,32,JAWA BARAT,3279,KOTA BANJAR,MINUMAN,1698,UNIT,2021
1350,32,JAWA BARAT,3279,KOTA BANJAR,JASA/LAINNYA,3953,UNIT,2021
